0,0.12,-0.189,-0.456,-0.797,-0.588,-0.208,-0.0668,1.49,-0.652
0.5,0.118,0.243,-0.628,-0.668,-0.355,0.0194,0.341,1.49,-0.705
1,0.121,0.219,-0.731,-0.283,-0.455,0.702,0.0962,1.1,-0.736
1.5,0.116,0.203,-0.571,-0.111,-0.123,0.93,0.0351,0.836,-0.547
2,0.118,0.282,-0.456,0.489,0.209,1.39,0.137,1.16,-0.126
2.5,0.109,0.125,-0.571,0.832,0.00996,1.39,0.137,0.509,-0.126
3,0.102,0.0464,-0.685,0.661,-0.0564,1.39,0.137,0.182,0.295
3.5,0.101,-0.267,-0.571,0.832,-0.123,1.84,-0.0668,-0.144,0.716
4,0.0949,-0.267,-0.227,1,-0.322,1.39,0.0351,-0.144,0.821
4.5,0.0939,-0.346,-0.342,1.09,-0.521,1.16,0.239,-0.144,1.03
5,0.0969,-0.424,-0.112,1,-0.72,1.39,0.341,-0.471,0.821
5.5,0.0969,-0.267,0.117,1.35,-0.588,1.84,-0.0668,-0.471,0.716
6,0.119,-0.346,0.231,1.35,-0.521,2.07,0.0351,0.509,0.716
6.5,0.119,-0.267,0.117,1.6,-0.322,1.61,0.239,1.16,0.4
7,0.111,-0.424,-0.112,1.26,0.143,1.84,0.239,1.16,0.19
7.5,0.11,-0.424,-0.112,1.09,0.0764,1.84,0.239,1.16,-0.231
8,0.111,-0.267,-0.342,1.18,0.674,1.61,0.341,1.49,0.19
8.5,0.11,-0.424,-0.685,0.575,0.74,1.39,0.545,1.49,0.295
9,0.104,-0.424,-0.227,0.747,0.674,0.93,0.443,0.509,0.0846
9.5,0.0908,-0.581,-0.227,0.404,0.209,0.702,0.341,-0.144,0.0846
10,0.0978,-0.424,0.00229,0.575,0.408,0.475,0.137,-0.144,0.19
10.5,0.0918,-0.11,0.231,1,0.674,0.247,0.0351,-0.144,0.611
11,0.0958,0.596,0.461,0.661,0.408,-0.208,-0.271,0.509,0.19
11.5,0.0978,0.91,0.575,0.747,0.475,-0.436,-0.373,0.836,-0.0206
12,0.0948,1.69,0.117,1.09,0.342,-0.208,-0.474,1.16,-0.126
12.5,0.103,2.4,0.461,1,0.276,0.0194,-0.78,1.49,-0.231
13,0.109,2.87,0.346,0.832,-0.256,-0.208,-0.576,1.82,-0.0206
13.5,0.113,3.03,0.346,0.232,-0.654,-0.208,-0.678,2.47,-0.442
14,0.11,2.71,0.231,0.404,-0.521,0.0194,-0.0668,2.47,-0.442
14.5,0.113,2.48,0.575,0.146,-0.521,0.247,-0.0668,2.14,-0.442
15,0.11,2.16,0.575,-0.283,-0.654,0.0194,-0.0668,1.82,-0.652
15.5,0.111,1.77,0.461,-0.197,-0.455,-0.208,0.137,1.49,-0.442
16,0.107,1.69,0.461,-0.0252,-0.322,-0.208,0.239,1.16,-0.231
16.5,0.108,1.22,0.575,0.404,-0.0564,0.0194,0.341,1.49,-0.126
17,0.0997,0.91,0.919,0.489,-0.521,0.247,-0.0668,1.49,-0.0206
17.5,0.101,0.91,1.03,0.747,-0.256,0.247,0.341,1.49,0.19
18,0.103,0.517,1.15,0.918,-0.0564,0.475,0.443,1.49,0.19
18.5,0.112,0.282,1.15,1.09,-0.123,0.93,0.239,1.82,0.4
19,0.112,-0.189,1.03,0.747,0.0764,1.39,0.137,2.14,0.0846
19.5,0.125,0.0464,0.575,0.489,0.143,1.16,-0.169,1.49,0.295
20,0.117,-0.11,0.117,0.832,0.674,0.702,-0.169,0.836,0.506
20.5,0.121,-0.032,-0.456,0.575,0.408,0.475,-0.373,0.836,0.506
21,0.113,0.125,-0.456,0.489,0.276,0.247,-0.576,0.836,0.611
21.5,0.102,0.125,-0.685,0.404,0.276,0.0194,-0.576,0.836,0.506
22,0.104,0.282,-0.571,0.575,0.408,0.247,-0.678,0.836,0.506
22.5,0.108,0.125,-0.456,0.747,0.276,0.247,-0.373,0.836,0.295
23,0.113,0.203,-0.456,0.318,0.00996,1.16,-0.169,0.836,0.4
23.5,0.111,0.36,-0.342,0.661,0.143,1.39,-0.271,0.836,0.19
24,0.11,0.517,-0.456,0.832,0.143,1.61,-0.0668,1.16,0.506
24.5,0.114,0.439,-0.342,1.09,0.475,1.39,0.137,0.836,0.506
25,0.108,0.517,-0.342,1,0.143,1.39,0.341,0.509,0.295
25.5,0.104,0.36,-0.342,1.18,0.00996,1.39,0.341,0.182,0.295
26,0.115,0.831,0.117,1.09,0.276,0.475,0.137,0.182,0.0846
26.5,0.108,1.07,0.346,1.09,0.0764,0.475,0.239,0.182,-0.0206
27,0.0965,1.07,0.346,0.918,0.0764,0.247,0.0351,-0.144,-0.231
27.5,0.0915,1.3,0.231,0.661,-0.189,0.247,-0.0668,0.182,-0.231
28,0.0984,1.22,0.231,0.661,-0.123,-0.436,-0.271,0.182,-0.0206
28.5,0.0934,1.62,0.346,0.318,-0.322,-0.208,-0.474,0.836,0.506
29,0.0844,1.3,0.117,0.146,-0.787,-0.208,-0.271,1.16,0.0846
29.5,0.0924,0.988,0.00229,0.0606,-0.787,-0.208,-0.576,1.49,0.716
30,0.0974,0.831,0.117,0.0606,-0.654,0.475,-0.474,1.49,0.611
30.5,0.105,0.831,0.231,0.232,-0.72,0.702,-0.271,1.82,0.295
31,0.0984,0.988,0.231,0.318,-0.588,0.702,0.137,1.82,0.716
31.5,0.112,0.831,0.231,0.404,-0.123,0.93,0.443,1.16,0.19
32,0.115,0.753,0.00229,0.661,0.0764,1.16,0.748,0.509,0.4
32.5,0.112,0.596,-0.227,0.661,0.342,1.39,0.748,0.509,0.295
33,0.112,0.36,-0.342,0.575,0.541,0.702,1.05,0.836,0.4
33.5,0.107,0.203,-0.456,0.661,0.807,0.702,0.952,0.509,0.611
34,0.105,-0.189,-0.571,0.747,0.608,0.702,0.85,0.509,0.506
34.5,0.109,-0.346,-0.685,0.747,0.342,0.702,0.646,1.16,0.295
35,0.104,-0.424,-0.571,0.489,0.475,0.475,0.239,1.16,0.506
35.5,0.106,-0.503,-0.571,0.404,0.00996,0.702,0.341,0.836,0.611
36,0.113,-0.267,-0.342,0.661,-0.123,1.39,-0.0668,1.16,0.4
36.5,0.106,-0.189,-0.112,0.489,-0.189,1.61,-0.0668,0.836,0.295
37,0.107,-0.11,0.00229,0.575,0.0764,1.61,-0.169,1.16,-0.0206
37.5,0.11,-0.189,0.117,1.18,0.276,1.39,-0.0668,0.836,0.0846
38,0.107,-0.346,0.117,1.6,0.276,1.84,-0.271,1.16,-0.126
38.5,0.107,-0.189,0.231,1.69,0.74,1.39,-0.0668,1.16,-0.231
39,0.115,-0.346,0.231,1.35,0.674,1.16,0.137,0.509,0.295
39.5,0.109,-0.11,0.461,1.35,1.14,0.93,0.239,0.509,0.4
40,0.116,-0.032,0.461,0.918,0.94,0.93,0.0351,1.16,0.4
40.5,0.106,0.125,0.346,0.318,0.74,1.39,-0.0668,0.836,0.611
41,0.111,0.596,0.231,0.0606,0.74,0.93,0.0351,0.509,0.716
41.5,0.115,0.674,0.231,-0.197,0.807,1.16,-0.271,0.836,0.506
42,0.116,0.674,0.117,-0.0252,0.74,1.16,-0.373,1.49,0.295
42.5,0.118,0.282,-0.227,-0.111,0.143,1.16,-0.474,1.82,0.4
43,0.117,0.282,-0.227,-0.111,0.209,1.61,-0.169,1.16,0.295
43.5,0.118,0.282,0.00229,-0.54,0.674,1.16,-0.0668,1.49,0.19
44,0.114,-0.189,0.231,-0.711,0.74,1.39,0.0351,1.82,-0.126
44.5,0.12,-0.267,0.346,-0.626,0.408,1.16,0.239,2.14,-0.442
45,0.119,-0.11,0.346,-0.626,0.74,0.702,0.341,1.49,-0.652
45.5,0.114,-0.032,0.231,-0.969,0.74,0.93,0.341,1.16,-0.757
46,0.118,-0.11,0.00229,-0.711,0.541,0.93,0.137,0.836,-0.547
46.5,0.125,-0.267,-0.227,0.146,0.209,1.16,0.137,0.836,-0.442
47,0.118,-0.189,-0.571,0.832,0.143,1.61,0.0351,0.509,-0.126
47.5,0.112,-0.267,-0.8,1,0.00996,2.07,-0.0668,0.182,0.295
48,0.12,-0.503,-0.685,1,-0.388,2.75,-0.0668,0.836,0.4
48.5,0.116,-0.581,-0.571,1,-0.388,2.3,-0.271,0.836,0.19
49,0.119,-0.66,-0.456,1.52,0.143,2.52,-0.271,0.836,0.506
49.5,0.12,-0.581,-0.571,1,0.342,2.07,-0.271,0.836,0.506
50,0.119,-0.66,-0.456,0.489,0.342,1.84,-0.373,0.836,0.716
50.5,0.113,-0.738,-0.112,0.489,0.674,1.39,-0.373,0.836,0.716
51,0.118,-0.66,-0.342,0.918,0.94,1.16,-0.373,0.509,1.14
51.5,0.109,-0.503,-0.112,1.18,1.27,1.39,-0.169,0.836,1.24
52,0.105,-0.503,-0.112,0.747,1.27,0.702,-0.271,1.16,0.821
52.5,0.106,-0.581,0.117,0.747,0.94,1.39,-0.169,0.836,0.611
53,0.108,-0.581,0.231,0.661,1.01,1.39,-0.0668,1.49,0.0846
53.5,0.0969,-0.503,0.231,0.918,0.807,1.61,-0.169,1.49,-0.0206
54,0.102,-0.346,0.346,0.832,1.14,1.16,0.0351,1.49,-0.547
54.5,0.102,-0.503,0.231,0.832,1.07,1.16,-0.0668,1.16,-0.547
55,0.101,-0.189,0.231,1,0.475,1.16,0.137,1.16,-0.652
55.5,0.105,0.0464,0.00229,0.832,0.74,0.702,-0.169,1.16,-0.652
56,0.11,0.439,0.00229,1,0.541,0.247,-0.373,0.509,-0.126
56.5,0.114,0.753,0.117,0.489,0.541,0.0194,0.0351,0.509,-0.231
57,0.113,0.517,0.00229,-0.111,-0.189,0.0194,-0.169,0.182,-0.231
57.5,0.111,0.91,-0.112,-0.197,-0.189,0.0194,-0.271,0.182,-0.231
58,0.112,0.753,0.00229,-0.368,-0.123,0.0194,-0.373,-0.144,-0.0206
58.5,0.115,0.753,0.231,-0.283,-0.388,0.0194,-0.169,0.182,0.0846
59,0.112,0.674,0.231,-0.454,-0.521,0.475,0.0351,0.182,-0.231
59.5,0.104,0.674,-0.112,-0.197,-0.588,0.475,0.0351,-0.144,-0.231
60,0.101,0.753,-0.227,0.232,-0.388,0.702,0.0351,0.836,0.295
60.5,0.0958,0.596,-0.112,0.661,-0.654,0.475,0.0351,0.836,0.295
61,0.0978,0.753,0.231,0.489,-0.521,0.702,0.239,0.836,0.0846
61.5,0.0968,0.831,0.117,0.489,-0.256,0.702,0.239,0.836,0.19
62,0.105,0.91,0.00229,0.661,-0.0564,0.93,0.341,0.836,0.506
62.5,0.113,0.596,0.231,0.918,0.143,1.16,-0.0668,0.836,0.821
63,0.121,0.596,0.231,0.747,-0.123,1.39,-0.271,-0.144,0.611
63.5,0.123,0.36,0.00229,0.318,-0.256,1.61,-0.169,-0.144,0.611
64,0.108,0.125,-0.571,0.404,-0.455,1.39,-0.474,0.182,1.14
64.5,0.114,-0.11,-0.227,0.661,-0.787,1.39,-0.373,-0.144,1.14
65,0.117,-0.346,-0.227,0.747,-0.92,1.16,-0.576,-0.144,0.611
65.5,0.114,-0.267,-0.456,0.661,-1.12,0.93,-0.373,-0.144,0.611
66,0.109,-0.189,-0.227,0.661,-0.455,0.93,-0.169,-0.144,0.506
66.5,0.11,-0.189,-0.112,0.747,-0.256,0.93,-0.271,-0.144,0.4
67,0.115,0.125,0.231,0.661,0.0764,1.39,-0.0668,-0.471,-0.126
67.5,0.114,0.36,0.117,0.661,0.408,1.16,-0.271,-0.471,-0.231
68,0.107,0.753,0.231,0.575,0.541,0.93,-0.0668,-0.471,0.19
68.5,0.116,0.753,0.461,0.661,0.74,0.93,-0.169,-0.471,-0.126
69,0.108,0.596,0.231,0.575,0.342,0.475,0.137,-0.144,-0.231
69.5,0.115,0.831,0.231,0.489,0.475,0.475,0.545,1.16,0.0846
70,0.111,0.831,0.117,0.575,0.342,0.93,0.545,1.49,0.0846
70.5,0.106,0.596,-0.227,0.661,0.209,1.39,0.748,1.49,-0.0206
71,0.109,0.203,-0.342,1,-0.0564,1.39,0.646,1.49,-0.0206
71.5,0.109,0.125,-0.227,0.832,-0.388,1.39,0.952,2.14,-0.0206
72,0.105,0.203,0.00229,0.918,-0.322,1.39,0.748,2.14,-0.0206
72.5,0.108,0.0464,-0.112,0.918,-0.455,1.16,0.443,0.836,-0.442
73,0.0996,-0.189,-0.112,1.09,-0.654,0.475,0.239,0.509,-0.336
73.5,0.105,-0.11,-0.112,1.09,-0.72,0.247,-0.0668,0.509,0.0846
74,0.112,-0.267,0.00229,0.832,-0.853,0.0194,0.137,0.836,-0.0206
74.5,0.12,-0.267,-0.227,0.575,-0.853,0.0194,-0.0668,0.182,-0.126
75,0.121,-0.267,-0.227,0.661,-0.853,0.0194,-0.373,-0.144,0.0846
75.5,0.127,-0.189,0.00229,1.18,-0.72,0.475,-0.373,0.182,0.19
76,0.126,-0.189,-0.112,0.918,-0.455,0.247,-0.169,0.182,0.295
76.5,0.128,-0.189,0.117,0.832,-0.322,0.0194,-0.0668,0.509,-0.126
77,0.115,-0.032,-0.112,0.575,0.209,0.0194,-0.0668,0.182,-0.231
77.5,0.119,-0.032,-0.112,0.661,0.541,0.0194,0.0351,0.182,-0.336
78,0.104,-0.11,-0.342,0.661,0.674,0.0194,0.239,0.509,-0.547
78.5,0.0985,-0.11,-0.456,0.232,0.94,-0.208,0.545,0.509,-0.231
79,0.0984,-0.189,-0.571,0.318,0.94,0.247,0.341,0.836,-0.126
79.5,0.112,-0.032,-0.456,0.146,0.873,0.247,0.443,0.836,0.0846
80,0.113,-0.11,-0.456,0.318,0.674,0.702,0.0351,1.16,0.295
80.5,0.119,-0.11,-0.456,0.661,0.342,1.16,-0.271,1.16,0.4
81,0.123,-0.032,-0.112,0.575,0.209,1.39,-0.169,1.16,0.716
81.5,0.121,-0.032,-0.112,0.404,0.0764,1.16,-0.474,0.836,0.716
82,0.13,-0.032,0.00229,0.232,0.209,1.39,-0.271,0.836,0.4
82.5,0.123,-0.346,-0.227,0.0606,0.541,1.84,-0.373,0.509,0.0846
83,0.109,-0.346,-0.112,-0.111,0.541,1.61,0.0351,1.16,-0.231
83.5,0.116,-0.424,0.00229,-0.368,0.873,1.39,0.137,1.16,0.0846
84,0.113,-0.503,-0.227,-0.283,1.07,1.39,-0.271,0.836,-0.231
84.5,0.11,-0.503,-0.342,-0.111,0.873,2.07,0.0351,1.16,-0.336
85,0.108,-0.581,-0.227,0.318,0.94,1.39,-0.169,1.49,-0.336
85.5,0.105,-0.11,-0.112,0.318,0.475,0.93,-0.0668,1.49,-0.0206
86,0.107,0.125,0.231,0.0606,0.541,0.702,-0.373,0.509,0.295
86.5,0.106,0.439,-0.112,0.146,0.74,0.475,-0.0668,0.836,0.19
87,0.116,0.596,-0.227,-0.0252,0.408,0.475,0.0351,0.836,0.19
87.5,0.115,0.596,0.00229,-0.0252,0.342,0.247,-0.169,0.509,0.0846
88,0.122,0.831,0.00229,-0.197,-0.0564,0.475,-0.271,0.509,0.19
88.5,0.122,0.674,0.117,-0.111,0.00996,0.702,-0.474,0.509,-0.0206
89,0.117,0.517,0.00229,0.0606,-0.189,0.93,-0.474,1.16,0.19
89.5,0.119,0.439,0.117,0.0606,-0.654,0.702,-0.678,0.836,-0.0206
90,0.121,0.36,0.231,0.232,-0.521,0.475,-0.576,0.836,-0.0206
90.5,0.113,0.282,0.00229,0.232,-0.388,0.0194,-0.576,0.836,-0.126
91,0.114,0.203,-0.227,0.232,-0.0564,-0.208,-0.169,0.509,-0.0206
91.5,0.109,0.282,-0.571,0.232,-0.322,-0.436,-0.0668,0.509,0.19
92,0.101,0.282,-0.685,0.318,-0.189,0.0194,0.0351,0.182,-0.0206
92.5,0.106,0.36,-0.685,0.146,0.0764,0.0194,0.341,0.509,0.0846
93,0.113,0.282,-0.685,-0.111,0.00996,0.247,0.137,0.836,0.4
93.5,0.115,0.36,-0.685,-0.197,-0.256,0.702,0.137,0.836,0.927
94,0.122,0.203,-0.571,-0.283,-0.189,0.93,-0.0668,0.509,1.03
94.5,0.111,0.125,-0.227,-0.283,0.00996,0.93,-0.0668,1.16,0.821
95,0.108,0.203,-0.112,-0.0252,0.209,0.475,0.0351,0.836,0.611
95.5,0.107,0.203,-0.112,-0.111,0.143,0.702,-0.169,0.836,0.506
96,0.11,0.596,0.346,0.318,0.0764,0.475,-0.0668,0.509,0.19
96.5,0.0991,0.596,0.69,0.318,0.209,0.247,0.0351,0.836,-0.126
97,0.104,0.753,1.03,0.318,0.342,0.475,0.137,1.16,-0.336
97.5,0.112,0.596,0.919,0.489,0.541,0.93,0.341,0.509,-0.126
98,0.0981,0.439,0.575,0.404,0.608,0.93,0.341,0.509,-0.126
98.5,0.0921,0.282,0.805,0.661,0.608,0.93,0.239,0.509,0.0846
99,0.105,-0.032,0.346,0.575,0.608,1.39,0.137,0.509,-0.0206
99.5,0.107,0.125,0.00229,0.832,0.541,1.84,-0.169,0.182,-0.126
100,0.112,0.203,-0.227,1.09,0.143,1.61,-0.474,-0.144,0.0846
101,0.112,0.203,-0.342,1.09,0.0764,1.16,-0.576,0.182,0.295
101,0.113,0.203,-0.227,1.09,-0.322,1.39,-0.271,0.509,0.4
102,0.12,0.125,-0.456,1.18,-0.388,1.84,-0.271,0.182,0.19
102,0.134,0.0464,-0.571,1.18,-0.455,1.39,-0.169,0.836,0.4
103,0.123,-0.267,-0.456,0.918,-0.388,1.16,-0.169,0.836,0.506
103,0.133,-0.424,-0.456,0.832,-0.388,1.39,0.137,0.836,0.19
104,0.127,-0.346,-0.112,0.747,-0.588,1.39,0.137,0.509,-0.231
104,0.103,0.125,0.231,0.575,-0.455,0.93,-0.373,0.836,-0.336
105,0.0949,0.203,0.805,0.318,-0.588,0.702,-0.271,1.16,0.0846
105,0.124,0.282,1.15,0.232,-0.455,0.702,-0.169,0.509,-0.0206
106,0.133,0.36,1.15,0.404,-0.189,0.475,-0.169,0.509,-0.231
106,0.119,0.439,0.919,-0.0252,0.276,0.0194,-0.373,0.836,-0.126
107,0.126,0.674,0.575,-0.111,0.408,0.0194,-0.474,0.836,-0.126
107,0.133,0.203,0.575,-0.197,0.541,0.475,-0.373,0.509,-0.336
108,0.187,0.831,0.461,-0.0252,0.873,0.0194,-0.474,0.509,-0.863
108,0.136,1.07,0.231,0.146,0.873,0.247,-0.576,0.836,-1.07
109,0.123,1.22,0.346,-0.111,0.541,0.0194,-0.474,0.836,-0.757
109,0.187,1.14,0.575,0.0606,-0.0564,0.702,-0.373,0.509,-0.757
110,0.187,0.674,0.575,0.318,-0.189,0.702,0.0351,0.509,-0.652
110,0.101,0.753,0.461,0.747,-0.455,0.247,0.0351,0.182,-0.442
111,0.108,0.439,0.231,0.661,-0.853,0.93,0.0351,-0.144,-0.0206
111,0.115,0.439,0.461,0.489,-0.853,0.93,0.545,-0.144,-0.0206
112,0.11,0.282,0.346,0.404,-0.388,1.16,0.545,0.182,-0.336
112,0.122,0.203,0.117,0.489,-0.189,0.93,0.952,0.182,-0.336
113,0.116,0.36,0.117,0.404,-0.0564,1.16,0.545,0.182,0.0846
113,0.108,0.439,-0.227,0.232,0.209,1.16,0.545,0.182,0.0846
114,0.102,-0.032,-0.456,-0.0252,0.276,0.702,0.748,0.182,-0.126
114,0.102,-0.267,-0.685,-0.283,0.342,0.702,0.545,0.182,-0.0206
115,0.0977,-0.189,-0.685,0.146,0.342,0.702,0.545,0.182,-0.0206
115,0.117,0.0464,-0.571,-0.111,0.408,0.247,0.0351,0.182,-0.126
116,0.107,-0.11,-0.456,0.146,0.408,0.247,0.0351,0.182,-0.442
116,0.111,-0.267,-0.227,-0.197,0.209,0.702,-0.0668,0.182,-0.442
117,0.104,-0.267,-0.227,-0.0252,0.475,0.475,-0.169,0.509,-0.547
117,0.105,-0.267,-0.112,0.146,0.74,0.247,-0.373,0.182,-0.336
118,0.113,-0.346,-0.227,0.146,0.408,0.247,-0.474,0.182,-0.0206
118,0.112,-0.503,-0.227,0.318,0.143,0.475,-0.169,0.182,0.0846
119,0.118,-0.346,-0.456,-0.111,0.0764,0.475,-0.0668,0.509,-0.0206
119,0.119,-0.267,-0.342,0.232,0.0764,0.93,0.0351,0.836,0.19
120,0.115,-0.032,-0.112,0.661,-0.189,0.93,-0.0668,0.509,0.611
120,0.0946,-0.032,0.117,0.575,-0.256,1.16,0.137,0.509,0.716
121,0.106,-0.032,0.117,0.232,0.00996,1.16,0.239,0.182,0.611
121,0.104,-0.11,0.00229,0.0606,0.342,0.93,0.137,0.509,0.611
122,0.119,-0.189,0.231,0.0606,0.674,0.702,0.341,0.182,0.611
122,0.113,-0.267,0.00229,-0.0252,0.873,0.0194,0.137,-0.144,0.4
123,0.116,-0.346,-0.227,-0.368,1.07,0.702,0.239,-0.144,0.0846
123,0.117,-0.346,-0.456,-0.197,0.674,0.93,0.137,0.182,-0.126
124,0.121,-0.267,-0.227,0.146,0.276,1.16,0.137,0.182,-0.0206
124,0.125,0.125,-0.112,0.661,0.0764,1.16,-0.169,-0.144,0.0846
125,0.123,0.125,0.117,0.575,0.00996,1.16,-0.576,-0.144,0.19
125,0.132,0.125,0.231,0.489,-0.123,1.16,-0.271,-0.144,0.19
126,0.129,0.125,0.575,0.232,-0.0564,0.93,-0.271,-0.144,0.19
126,0.128,0.125,0.461,0.404,0.276,0.475,-0.0668,-0.471,0.0846
127,0.126,-0.032,0.346,0.318,0.408,0.247,-0.271,-0.471,-0.126
127,0.129,-0.267,0.231,-0.111,0.342,0.475,-0.169,-0.471,-0.231
128,0.119,-0.032,-0.112,-0.0252,0.276,0.93,0.0351,-0.471,-0.231
128,0.123,-0.032,-0.227,-0.111,0.209,0.93,-0.0668,-0.144,-0.336
129,0.125,-0.189,-0.685,0.232,0.342,0.702,-0.0668,0.182,-0.442
129,0.126,0.0464,-0.456,0.232,0.342,0.702,-0.474,0.182,-0.336
130,0.129,0.125,-0.456,0.146,0.209,0.475,-0.271,0.182,-0.231
130,0.132,0.282,-0.227,0.146,0.475,0.247,-0.169,0.182,-0.231
131,0.133,0.282,-0.112,-0.0252,0.475,0.0194,-0.271,0.182,-0.547
131,0.133,0.517,0.461,0.318,0.408,0.0194,-0.271,-0.144,-0.547
132,0.131,0.831,0.805,0.146,0.408,0.0194,-0.373,0.509,-0.547
132,0.123,0.596,0.805,-0.197,0.276,0.0194,-0.169,0.509,-0.757
133,0.128,1.07,1.03,-0.283,0.408,0.247,-0.0668,0.509,-0.757
133,0.122,0.91,1.03,-0.197,0.475,0.247,0.137,1.49,-0.863
134,0.127,0.91,1.26,0.0606,0.0764,0.247,0.239,1.49,-0.863
134,0.13,0.753,1.26,-0.368,0.143,0.475,0.341,1.49,-0.757
135,0.122,0.439,1.03,0.832,-0.189,0.247,0.341,0.509,-0.757
135,0.114,0.439,1.03,0.832,-0.256,0.475,0.443,0.509,-0.547
136,0.114,0.125,0.69,0.832,-0.189,0.247,0.545,0.509,-0.757
136,0.115,0.125,0.805,1.18,-0.123,0.702,0.443,-0.471,-0.442
137,0.123,0.282,0.805,1.09,0.143,0.702,0.748,-0.471,-0.336
137,0.127,0.282,0.231,1.52,0.475,0.475,0.85,-0.144,-0.442
138,0.138,0.36,0.117,0.575,0.674,0.475,0.85,-0.144,-0.547
138,0.142,0.439,0.00229,1,0.541,0.702,0.748,-0.144,-0.442
139,0.141,0.753,0.231,0.832,0.608,0.702,0.545,0.509,-0.547
139,0.147,0.91,0.346,0.747,0.342,0.247,0.443,0.836,-0.757
140,0.136,0.674,0.117,0.747,0.342,0.247,0.341,0.836,-0.757
140,0.139,1.3,0.346,0.489,0.276,0.0194,0.341,0.509,-0.547
141,0.129,1.54,0.461,0.404,0.0764,0.0194,0.239,1.49,-0.547
141,0.115,1.93,0.461,0.0606,0.342,0.247,0.443,1.49,-0.652
142,0.12,1.38,0.231,0.404,0.143,0.702,0.545,0.836,-0.336
142,0.119,1.46,-0.112,0.146,-0.0564,1.39,0.85,0.509,-0.547
143,0.111,1.54,-0.342,0.0606,-0.123,1.84,0.748,0.836,-0.231
143,0.114,1.07,-0.456,0.232,-0.388,2.07,0.545,1.16,-0.231
144,0.126,0.91,-0.342,0.318,-0.455,2.07,0.646,0.182,-0.0206
144,0.131,0.36,-0.571,0.146,-0.787,1.61,0.239,1.16,-0.0206
145,0.135,0.36,0.117,0.318,-0.787,1.16,0.137,1.49,-0.0206
145,0.13,0.517,0.231,0.318,-0.521,0.702,-0.271,1.49,0.4
146,0.137,0.674,0.346,0.575,-0.521,0.247,-0.271,1.49,0.19
146,0.127,0.91,0.575,0.318,-0.256,0.0194,-0.271,1.49,0.19
147,0.127,1.07,0.461,-0.0252,-0.189,0.247,-0.474,1.49,-0.0206
147,0.131,1.3,0.919,0.318,-0.189,0.0194,-0.576,0.509,-0.0206
148,0.132,1.38,0.346,-0.0252,-0.256,0.0194,-0.78,0.182,-0.126
148,0.132,1.54,0.231,0.146,-0.521,0.0194,-0.678,0.509,-0.231
149,0.131,1.54,0.575,0.0606,-0.388,-0.208,-1.09,0.836,-0.336
149,0.124,1.14,0.346,0.232,-0.521,0.247,-0.984,0.836,-0.336
150,0.127,0.91,0.346,0.489,-0.455,0.0194,-0.474,1.16,-0.336
150,0.12,0.91,0.117,0.232,-0.123,0.0194,-0.271,1.16,0.0846
151,0.123,0.988,0.117,0.232,-0.0564,0.475,0.0351,1.16,0.295
151,0.125,0.439,0.00229,-0.0252,0.276,0.702,0.443,0.836,0.0846
152,0.122,-0.032,-0.112,-0.283,0.408,0.93,0.748,0.182,0.19
152,0.127,-0.11,0.00229,-0.368,0.209,0.93,0.85,-0.144,-0.126
153,0.127,-0.11,0.00229,-0.283,0.408,1.39,0.85,-0.471,0.0846
153,0.137,-0.346,-0.112,0.0606,0.342,1.61,0.85,0.182,-0.336
154,0.145,-0.267,-0.112,0.232,0.541,1.61,1.16,1.16,-0.652
154,0.141,-0.267,0.00229,0.232,0.276,1.16,0.85,1.49,-0.126
155,0.143,-0.189,-0.342,0.489,0.143,1.16,0.646,1.49,-0.0206
155,0.14,-0.267,-0.685,0.318,0.209,0.93,0.85,1.49,-0.0206
156,0.141,-0.11,-0.456,0.0606,0.209,0.702,0.646,1.82,0.295
156,0.147,-0.032,-0.456,-0.0252,0.0764,0.702,0.545,1.49,0.611
157,0.136,-0.189,-0.112,0.0606,0.0764,0.475,0.341,0.836,0.611
157,0.187,-0.267,-0.112,0.404,0.408,0.702,0.646,0.836,0.295
158,0.188,-0.346,0.00229,0.661,0.541,0.93,0.952,1.16,0.295
158,0.187,-0.346,0.346,1.18,0.475,0.702,0.646,1.82,0.506
159,0.187,-0.581,0.231,1.09,0.0764,0.475,0.748,1.49,0.4
159,0.187,-0.66,0.231,1.26,0.209,0.475,0.85,1.49,0.19
160,0.186,-0.66,0.00229,1,0.143,0.702,0.443,1.16,0.295
160,0.187,-0.738,0.117,1.26,-0.388,0.475,0.137,0.836,-0.0206
161,0.0988,-0.581,0.00229,1,-0.521,0.0194,-0.271,0.509,-0.126
161,0.107,-0.346,-0.227,0.575,-0.189,0.247,-0.373,-0.144,0.0846
162,0.105,-0.346,-0.112,0.575,0.143,0.475,-0.78,-0.144,-0.126
162,0.0968,-0.267,-0.227,0.404,0.00996,0.247,-0.78,-0.144,-0.126
163,0.0978,-0.267,-0.342,0.489,0.0764,0.247,-0.576,-0.144,-0.231
163,0.102,-0.267,-0.571,-0.197,0.408,0.247,-0.78,0.182,0.4
164,0.0998,-0.189,-0.342,-0.283,0.342,0.475,-0.678,0.182,0.4
164,0.104,-0.346,-0.456,-0.283,0.408,0.475,-0.474,0.182,-0.0206
165,0.101,-0.267,-0.8,-0.0252,0.276,0.702,-0.0668,0.182,0.0846
165,0.0978,-0.267,-0.685,-0.368,0.541,0.93,-0.169,0.182,-0.126
166,0.189,-0.267,-0.456,-0.54,0.475,0.702,-0.271,0.182,0.716
166,0.0967,0.0464,-0.227,-0.0252,0.209,1.39,0.0351,0.509,0.295
167,0.0857,0.0464,-0.342,-0.0252,0.143,1.61,-0.0668,0.836,0.611
167,0.186,-0.032,-0.342,0.232,-0.189,1.39,-0.373,0.836,0.611
168,0.0917,0.0464,0.117,0.146,-0.388,1.16,-0.78,0.836,0.4
168,0.155,0.125,0.461,0.489,-0.455,1.61,-0.882,0.836,0.506
169,0.0887,0.203,0.346,0.404,-0.388,1.84,-0.678,0.836,0.0846
169,0.101,-0.032,0.231,0.146,-0.322,1.39,-0.474,0.182,-0.0206
170,0.115,-0.189,0.231,-0.111,-0.256,1.16,-0.474,0.182,-0.547
170,0.117,-0.11,0.231,0.0606,0.209,1.61,-0.474,0.182,-0.126
171,0.122,-0.189,0.00229,-0.197,0.541,1.61,-0.0668,0.182,-0.0206
171,0.127,-0.189,-0.342,-0.111,0.674,1.39,0.239,0.182,0.0846
172,0.187,-0.267,-0.571,0.318,0.475,0.93,0.341,0.509,-0.442
172,0.188,-0.346,-0.456,0.232,0.408,1.16,0.137,0.509,-0.0206
173,0.188,-0.267,-0.456,0.575,0.475,1.16,0.443,0.836,0.0846
173,0.188,-0.11,-0.342,0.832,0.276,1.16,0.85,0.836,-0.126
174,0.188,-0.189,-0.112,0.832,0.276,0.93,0.646,0.836,-0.336
174,0.128,-0.346,-0.227,0.918,0.0764,0.475,0.646,0.509,-0.547
175,0.117,-0.346,-0.112,0.489,0.342,0.93,0.646,0.182,-0.231
175,0.184,-0.189,0.00229,0.489,0.408,0.475,0.545,0.509,-0.547
176,0.188,-0.189,-0.112,0.489,0.0764,0.247,0.341,0.182,-0.442
176,0.187,-0.267,0.00229,-0.111,-0.322,-0.208,0.239,0.509,-0.442
177,0.109,-0.189,-0.342,0.0606,-0.455,0.0194,0.137,0.509,-0.126
177,0.0835,-0.032,-0.227,-0.197,-0.521,0.247,0.239,0.509,0.19
178,0.107,0.0464,-0.227,0.146,-0.588,0.0194,0.0351,0.509,0.0846
178,0.0965,-0.11,-0.456,0.404,-0.72,0.0194,0.239,0.509,0.19
179,0.111,-0.11,-0.227,0.575,-0.455,0.475,0.443,0.182,0.19
179,0.1,-0.267,-0.342,0.661,-0.388,0.702,0.239,-0.144,0.19
180,0.114,-0.267,-0.342,0.832,-0.521,0.702,0.443,0.509,-0.126
180,0.107,-0.346,-0.342,1,-0.123,0.702,0.239,0.509,-0.547
181,0.15,-0.346,-0.456,1.09,-0.256,0.475,0.0351,0.509,-0.336
181,0.105,-0.267,-0.227,0.918,0.209,0.702,-0.373,0.182,-0.231
182,0.0974,-0.267,-0.456,0.832,0.00996,0.702,-0.474,0.182,-0.442
182,0.126,-0.11,-0.227,0.918,0.0764,1.16,-0.678,0.509,-0.652
183,0.187,-0.11,0.117,0.661,-0.0564,0.93,-0.373,-0.144,-0.547
183,0.1,-0.11,0.231,0.146,-0.654,0.702,-0.271,-0.144,-0.336
184,0.111,-0.267,0.346,0.0606,-0.853,0.93,-0.0668,-0.144,-0.547
184,0.123,-0.189,0.117,0.0606,-1.19,0.702,-0.0668,-0.144,-0.652
185,0.124,-0.346,0.231,-0.111,-0.92,0.475,-0.169,-0.144,-0.336
185,0.128,-0.424,0.117,-0.454,-0.588,-0.208,0.239,-0.471,-0.336
186,0.13,-0.346,-0.227,-0.54,-0.256,0.0194,-0.169,-0.144,-0.231
186,0.123,-0.346,-0.342,-0.368,0.143,0.0194,-0.373,-0.144,-0.231
187,0.116,-0.11,-0.342,-0.197,0.342,-0.208,-0.0668,-0.144,-0.231
187,0.12,-0.11,0.00229,-0.368,0.475,-0.208,0.0351,-0.144,-0.336
188,0.117,-0.032,0.117,-0.283,0.342,-0.436,-0.0668,-0.144,-0.652
188,0.129,0.125,0.117,0.0606,0.209,-0.436,-0.169,-0.144,-0.442
189,0.13,0.282,0.231,0.232,0.342,-0.436,-0.271,-0.471,-0.442
189,0.128,0.36,0.461,0.489,0.209,-0.208,-0.0668,-0.471,-0.336
190,0.129,0.831,0.805,0.404,0.143,0.0194,-0.0668,-0.471,-0.336
190,0.135,0.831,0.69,0.489,0.0764,0.93,0.0351,-0.144,-0.442
191,0.134,0.91,0.575,0.661,0.0764,0.93,0.137,-0.144,-0.336
191,0.139,0.753,0.461,0.575,0.143,1.16,0.0351,-0.144,-0.126
192,0.131,0.517,0.231,0.489,0.209,0.93,0.646,0.182,0.0846
192,0.134,0.517,0.117,0.318,0.276,0.702,0.85,0.182,-0.126
193,0.124,-0.11,-0.342,0.0606,0.276,0.475,0.85,0.182,-0.231
193,0.128,-0.189,-0.571,-0.0252,0.475,-0.208,0.748,-0.144,-0.126
194,0.118,-0.11,-0.456,-0.368,0.475,0.0194,0.952,0.182,0.0846
194,0.117,-0.11,-0.112,-0.711,0.276,-0.208,0.952,0.182,-0.126
195,0.124,-0.189,0.117,-0.54,0.276,-0.208,0.443,-0.144,-0.442
195,0.115,-0.346,0.461,-0.454,0.0764,0.247,0.239,-0.144,-0.547
196,0.125,-0.346,0.575,-0.283,0.00996,0.247,-0.169,-0.144,-0.652
196,0.13,-0.346,0.575,-0.368,0.0764,0.475,0.0351,-0.144,-0.652
197,0.133,-0.581,0.69,-0.197,0.342,0.247,0.0351,-0.471,-0.652
197,0.14,-0.66,0.461,0.232,0.276,0.247,-0.169,-0.471,-0.652
198,0.139,-0.581,0.461,0.0606,-0.123,0.247,-0.169,-0.144,-0.652
198,0.129,-0.424,0.117,-0.197,0.475,-0.208,-0.271,-0.144,-0.442
199,0.136,-0.346,0.00229,-0.454,0.74,0.0194,0.0351,-0.144,-0.0206
199,0.135,-0.346,0.00229,-0.197,0.608,-0.208,-0.0668,0.182,-0.126
200,0.13,-0.346,-0.227,-0.0252,0.408,0.0194,0.0351,0.182,-0.442
200,0.128,0.125,0.117,0.0606,0.342,0.0194,0.341,0.509,-0.0206
201,0.125,0.203,0.69,0.0606,0.408,0.0194,0.341,0.182,-0.0206
201,0.114,0.674,0.575,0.404,0.00996,0.0194,0.341,0.182,0.0846
202,0.124,0.91,0.919,0.918,-0.388,0.0194,0.341,0.182,-0.336
202,0.127,1.38,1.03,0.661,-0.388,0.0194,0.341,-0.144,-0.0206
203,0.127,1.93,1.15,0.489,-0.588,0.0194,0.341,-0.144,-0.0206
203,0.134,1.77,0.805,0.318,-0.256,0.0194,0.137,-0.144,-0.231
204,0.132,1.69,0.231,0.575,-0.189,0.475,0.341,-0.144,-0.0206
204,0.133,1.22,0.346,0.318,-0.256,0.475,0.341,0.182,-0.336
205,0.128,1.22,0.346,-0.197,-0.0564,0.247,0.443,0.509,-0.126
205,0.126,0.988,0.461,-0.0252,-0.189,0.0194,0.443,0.836,-0.231
206,0.127,0.674,0.346,-0.111,0.143,0.0194,0.545,0.836,-0.231
206,0.124,0.674,0.117,-0.111,-0.0564,0.0194,0.85,0.509,-0.336
207,0.124,0.988,0.231,-0.283,-0.0564,0.0194,0.952,0.509,-0.547
207,0.124,0.988,0.00229,0.0606,-0.189,0.0194,0.85,0.509,-0.231
208,0.116,0.831,-0.227,0.404,-0.189,0.247,0.748,0.182,-0.231
208,0.124,0.753,-0.456,0.661,0.143,0.247,0.646,-0.144,-0.336
209,0.123,0.674,-0.227,0.832,0.143,0.475,0.443,0.182,-0.336
209,0.123,0.596,0.117,1,0.209,0.475,0.341,0.182,-0.652
210,0.117,0.282,0.00229,1.18,0.276,0.475,0.239,0.182,-0.547
210,0.124,0.203,0.00229,1,0.342,0.475,0.545,-0.144,-0.547
211,0.131,-0.032,0.00229,1.18,0.541,0.475,0.239,-0.144,-0.547
211,0.127,-0.267,-0.112,1.09,0.408,0.702,0.341,-0.144,-0.757
212,0.119,-0.11,-0.227,1,0.209,0.702,0.239,-0.144,-0.652
212,0.118,-0.189,-0.227,1.18,0.00996,0.702,-0.0668,0.182,-0.652
213,0.115,-0.11,-0.227,1.18,-0.123,0.93,-0.474,0.182,-0.231
213,0.127,0.0464,0.231,1.26,-0.189,1.61,-0.678,0.182,-0.442
214,0.117,0.439,0.346,0.747,-0.189,1.39,-0.576,0.182,-0.442
214,0.122,1.07,0.575,0.489,-0.388,1.61,-0.882,0.509,-0.0206
215,0.132,1.22,0.69,0.318,-0.256,1.16,-0.882,0.509,0.19
215,0.129,1.3,0.575,0.146,-0.189,1.39,-0.882,0.182,0.506
216,0.128,1.77,0.575,0.318,-0.256,1.61,-0.474,0.182,0.0846
216,0.123,2.24,0.69,0.0606,-0.256,1.16,-0.271,0.836,0.19
217,0.114,1.93,0.69,0.232,-0.388,1.16,0.0351,1.16,0.19
217,0.119,1.69,0.69,0.575,-0.0564,0.93,0.545,0.836,-0.0206
218,0.114,1.54,1.03,0.747,-0.256,1.39,0.341,0.509,-0.231
218,0.106,1.85,1.49,0.575,-0.189,1.61,0.545,0.836,-0.442
219,0.111,1.62,1.38,0.318,-0.123,0.702,0.239,0.836,-0.0206
219,0.114,1.3,1.03,0.404,0.143,0.475,0.239,0.182,0.19
220,0.115,1.54,1.26,0.232,0.00996,0.475,0.137,-0.144,0.19
220,0.124,1.46,1.15,-0.0252,-0.322,0.702,-0.271,-0.144,0.19
221,0.122,1.3,0.575,-0.197,0.00996,0.247,-0.0668,-0.144,0.4
221,0.129,0.91,0.117,-0.0252,0.00996,-0.208,0.137,-0.144,0.821
222,0.124,0.517,0.231,0.0606,0.276,-0.208,0.239,0.182,0.295
222,0.125,0.282,0.231,-0.111,0.276,0.0194,-0.0668,0.182,-0.126
223,0.121,0.282,0.00229,-0.111,0.541,0.247,-0.373,0.182,-0.0206
223,0.114,-0.032,0.231,-0.197,0.342,-0.208,-0.0668,0.836,-0.231
224,0.118,-0.11,0.117,-0.111,0.276,0.247,0.545,0.836,-0.442
224,0.122,0.125,0.00229,-0.54,0.143,0.475,0.239,0.836,-0.757
225,0.118,0.517,0.00229,-0.368,-0.0564,0.475,0.443,0.509,-0.547
225,0.121,0.831,0.575,-0.197,0.00996,0.247,0.85,0.509,-0.126
226,0.119,1.3,0.575,-0.111,0.00996,0.475,0.85,0.509,0.295
226,0.119,2.01,0.575,0.318,0.143,0.475,0.748,-0.144,0.4
227,0.118,2.32,1.15,0.661,0.00996,0.247,0.239,-0.144,0.611
227,0.117,2.48,1.49,1.18,0.143,0.0194,0.239,-0.471,0.611
228,0.119,2.79,1.49,1,-0.123,0.475,0.0351,-0.144,0.821
228,0.122,2.79,1.26,1,-0.455,1.39,0.239,0.182,0.4
229,0.124,2.56,1.26,1.09,-0.72,1.39,0.545,0.509,-0.0206
229,0.124,2.01,1.15,0.832,-0.787,1.61,0.443,0.509,0.19
230,0.127,1.69,0.69,0.489,-0.787,1.39,0.137,0.509,0.4
230,0.122,1.77,0.346,0.232,-0.787,1.39,0.137,0.509,0.506
231,0.121,1.46,0.69,-0.111,-0.588,1.16,0.137,0.182,0.19
231,0.115,1.22,0.461,-0.368,-0.322,0.475,-0.373,-0.144,0.506
232,0.115,1.46,0.346,-0.54,-0.123,0.247,-0.576,-0.471,0.295
232,0.115,1.85,0.231,-0.368,-0.0564,0.0194,-0.78,-0.144,0.0846
233,0.116,2.4,0.575,-0.283,-0.189,0.247,-0.78,0.836,-0.442
233,0.113,1.77,0.575,-0.197,-0.0564,0.475,-0.678,0.836,-0.336
234,0.116,1.54,0.117,0.232,0.00996,0.475,-0.78,0.836,-0.442
234,0.11,1.77,0.117,0.318,0.00996,0.247,-0.678,0.836,-0.336
235,0.12,1.85,0.346,0.404,-0.322,0.247,-0.271,0.836,-0.126
235,0.121,1.62,0.69,0.232,-0.388,0.475,-0.169,0.509,0.0846
236,0.119,1.14,0.69,0.146,-0.322,0.247,0.443,-0.471,0.4
236,0.124,2.09,0.805,-0.111,-0.588,0.0194,0.341,0.182,-0.0206
237,0.123,2.24,0.919,-0.197,-0.521,-0.208,0.443,0.182,0.19
237,0.129,1.93,0.69,-0.0252,-0.588,-0.208,0.545,0.836,-0.0206
238,0.127,1.07,0.346,-0.0252,-0.256,-0.436,0.239,0.836,-0.126
238,0.127,1.07,0.69,0.146,-0.322,-0.664,0.443,0.836,-0.231
239,0.12,1.07,0.346,0.232,-0.455,-0.208,0.239,0.836,-0.231
239,0.115,0.282,0.117,0.146,-0.588,0.0194,0.646,0.509,0.0846
240,0.107,-0.032,-0.112,0.318,-0.588,0.247,0.646,0.509,-0.231
240,0.114,-0.11,-0.112,0.146,-0.588,0.247,0.443,0.182,-0.336
241,0.12,-0.11,0.00229,0.832,-0.588,0.475,0.748,0.182,-0.547
241,0.125,-0.346,-0.685,1,-0.256,0.702,0.646,0.182,-0.442
242,0.12,-0.346,-0.342,0.747,-0.189,0.475,0.443,0.182,-0.547
242,0.123,-0.346,-0.112,1.26,0.143,0.475,0.0351,-0.144,-0.652
243,0.124,-0.267,0.117,1.18,0.209,0.475,0.0351,-0.144,-0.231
243,0.124,-0.267,0.00229,1.26,0.541,0.93,0.239,-0.471,-0.0206
244,0.125,-0.11,0.00229,0.575,0.608,0.702,0.137,-0.471,0.0846
244,0.118,-0.189,0.00229,0.661,0.608,0.702,-0.0668,-0.471,0.506
245,0.117,-0.267,-0.227,0.918,0.475,0.93,0.0351,-0.471,0.927
245,0.114,-0.11,-0.227,0.832,0.608,1.16,0.137,-0.471,0.927
246,0.11,0.203,-0.342,0.575,0.74,0.93,0.137,-0.144,0.506
246,0.109,0.36,-0.227,0.489,0.674,0.702,0.137,-0.144,0.295
247,0.12,0.753,0.117,0.575,0.541,0.93,-0.0668,0.182,0.611
247,0.117,0.831,0.461,0.232,0.342,1.61,0.341,0.182,0.295
248,0.123,0.831,0.461,0.318,0.74,1.39,0.341,0.836,-0.336
248,0.125,0.831,0.231,0.146,0.674,1.16,0.443,0.836,-0.336
249,0.117,0.439,0.231,0.232,0.408,1.16,0.443,0.509,-0.231
249,0.123,0.282,0.117,0.575,0.00996,0.93,0.341,0.509,-0.126
250,0.119,-0.11,0.00229,0.918,0.00996,0.93,0.341,0.182,-0.231
250,0.118,-0.032,-0.342,0.832,-0.0564,0.0194,0.137,0.182,-0.547
251,0.13,-0.032,-0.342,0.489,-0.322,0.0194,0.239,-0.471,-0.442
251,0.121,-0.267,-0.342,0.404,-0.322,-0.208,0.239,-0.471,-0.442
252,0.118,-0.189,-0.227,0.404,-0.256,0.0194,0.545,-0.471,-0.547
252,0.118,0.125,0.00229,0.146,-0.189,0.0194,0.443,-0.471,-0.336
253,0.117,0.439,0.00229,-0.197,0.0764,-0.208,0.646,-0.471,-0.547
253,0.119,0.596,0.231,-0.368,0.342,0.475,0.443,-0.471,-0.442
254,0.121,0.753,0.117,-0.454,0.541,0.475,0.239,-0.144,-0.231
254,0.122,1.07,0.461,-0.626,0.541,0.702,0.0351,0.182,-0.231
255,0.123,1.3,0.231,-0.711,0.541,0.475,-0.169,0.509,-0.126
255,0.128,1.62,0.117,-0.797,0.674,0.475,-0.271,0.509,-0.442
256,0.13,1.62,0.117,-0.969,0.342,0.93,-0.678,0.509,-0.442
256,0.124,1.62,0.575,-0.969,0.342,0.702,-0.373,0.509,-0.442
257,0.122,1.77,0.69,-0.711,0.674,0.93,-0.271,0.182,-0.652
257,0.123,1.62,0.461,-0.368,0.342,0.93,-0.0668,0.182,-0.863
258,0.117,1.38,0.69,-0.368,0.608,0.93,-0.0668,0.182,-0.652
258,0.126,0.988,1.03,-0.368,0.807,1.16,-0.0668,0.182,-0.547
259,0.118,0.753,0.805,0.146,0.807,0.93,-0.0668,0.182,-0.547
259,0.12,0.517,0.117,0.318,0.541,0.702,-0.169,0.182,-0.547
260,0.125,0.517,0.00229,0.404,0.143,0.475,-0.271,0.509,-0.547
260,0.129,0.439,0.117,0.318,0.475,0.247,-0.576,0.182,-0.336
261,0.127,0.517,0.117,0.489,0.276,0.247,-0.882,-0.144,-0.0206
261,0.128,0.439,-0.227,0.747,-0.189,0.0194,-0.984,-0.144,0.19
262,0.133,0.203,-0.227,0.575,-0.189,0.0194,-0.984,-0.144,0.4
262,0.128,0.125,-0.227,0.489,0.00996,-0.208,-1.09,-0.144,0.295
263,0.134,-0.189,-0.342,0.318,0.00996,-0.436,-1.09,-0.471,0.506
263,0.136,-0.11,-0.456,0.232,-0.256,-0.436,-1.09,-0.471,0.295
264,0.125,-0.189,-0.342,0.0606,-0.455,-0.436,-0.78,-0.144,-0.126
264,0.125,-0.346,-0.456,-0.0252,-0.322,-0.208,-0.78,-0.144,-0.336
265,0.122,-0.11,-0.112,-0.283,-0.0564,-0.208,-0.78,-0.144,-0.336
265,0.113,0.125,-0.112,-0.111,0.143,-0.208,-0.576,-0.144,0.19
266,0.111,0.203,0.00229,0.232,0.0764,0.0194,-0.373,0.182,0.0846
266,0.105,0.125,-0.112,0.0606,0.475,0.0194,-0.169,0.182,0.611
267,0.114,0.203,-0.342,-0.0252,0.674,0.0194,0.0351,-0.144,0.611
267,0.12,0.125,-0.227,-0.0252,0.408,0.0194,0.545,-0.144,0.611
268,0.123,-0.032,-0.227,0.318,0.209,-0.208,0.646,-0.144,0.506
268,0.132,-0.189,-0.227,0.832,-0.0564,-0.208,0.443,0.182,-0.126
269,0.136,-0.11,-0.342,0.832,0.143,-0.208,0.239,-0.144,-0.231
269,0.139,-0.267,-0.227,1,0.276,0.0194,0.341,-0.144,-0.652
270,0.139,-0.267,-0.112,0.918,0.0764,0.0194,0.137,0.182,-0.442
270,0.132,0.0464,0.231,0.661,0.475,0.247,-0.373,0.182,-0.547
271,0.126,-0.032,-0.112,0.0606,0.541,0.247,-0.271,0.509,-0.652
271,0.124,0.125,-0.227,-0.454,0.608,0.247,-0.0668,0.509,-0.652
272,0.125,0.36,0.117,-0.797,0.475,0.0194,0.137,1.16,-0.652
272,0.118,0.517,0.117,-0.626,0.143,0.0194,0.239,1.49,-0.547
273,0.116,0.596,0.00229,-0.54,0.00996,0.0194,0.341,1.16,-0.547
273,0.119,0.36,-0.456,-0.111,-0.0564,-0.436,0.443,1.49,-0.336
274,0.118,0.753,-0.571,-0.0252,0.143,-0.436,0.341,1.16,-0.231
274,0.118,0.988,-0.342,-0.283,0.209,-0.436,0.137,0.836,-0.231
275,0.119,0.91,-0.227,-0.283,0.276,-0.436,0.0351,0.182,-0.231
275,0.115,1.07,-0.227,-0.368,0.0764,-0.208,-0.271,-0.144,0.0846
276,0.108,1.22,-0.227,0.146,0.342,0.475,-0.474,0.182,0.19
276,0.126,1.46,0.00229,-0.111,0.0764,0.93,-0.474,-0.144,0.19
277,0.13,1.22,0.231,0.0606,-0.123,0.93,-0.576,-0.144,0.295
277,0.127,0.753,0.231,0.146,-0.322,1.16,-0.373,-0.144,0.4
278,0.117,0.517,0.231,0.575,-0.521,1.16,-0.373,0.509,0.295
278,0.122,0.831,0.461,0.575,-0.256,0.93,-0.169,0.836,0.0846
279,0.123,0.674,0.69,0.747,-0.322,0.702,-0.169,0.509,-0.126
279,0.126,0.439,0.805,0.747,0.00996,0.475,0.137,0.509,-0.126
280,0.127,0.36,0.575,0.918,0.0764,0.702,0.545,0.836,-0.231
280,0.124,0.439,0.69,0.832,0.209,0.475,0.646,0.836,0.295
281,0.122,0.439,0.575,0.318,0.608,0.475,0.646,0.836,0.506
281,0.116,-0.11,0.575,0.232,0.276,0.475,0.443,1.49,0.4
282,0.115,-0.346,0.231,-0.368,0.276,0.247,0.545,1.49,0.295
282,0.111,-0.267,0.00229,-0.283,0.0764,0.0194,0.239,1.49,0.4
283,0.117,-0.11,0.461,-0.454,-0.123,-0.208,0.0351,1.16,0.821
283,0.125,-0.189,0.231,-0.368,0.00996,-0.208,0.0351,1.49,0.506
284,0.123,-0.267,0.00229,-0.0252,-0.0564,0.0194,-0.0668,0.836,0.295
284,0.126,0.125,0.117,-0.0252,0.276,-0.208,-0.169,0.182,0.4
285,0.128,0.36,0.231,-0.197,0.209,0.247,-0.373,0.182,0.4
285,0.129,0.282,0.346,0.0606,0.276,0.247,-0.169,0.182,0.4
286,0.129,0.282,0.231,0.146,0.276,0.247,-0.271,0.509,-0.126
286,0.128,0.988,0.461,0.232,0.143,0.247,-0.576,0.182,-0.336
287,0.123,1.69,0.919,0.146,-0.256,0.247,-0.78,0.182,0.19
287,0.117,1.69,0.575,0.232,-0.189,0.475,-0.78,-0.144,0.19
288,0.113,2.01,0.69,0.318,-0.0564,-0.208,-0.576,0.509,0.19
288,0.114,2.48,0.69,-0.111,-0.0564,-0.208,-0.576,0.509,-0.0206
289,0.12,2.71,0.575,-0.283,-0.0564,0.0194,-0.576,0.182,0.295
289,0.117,2.01,0.575,-0.111,0.143,0.0194,-0.373,0.182,0.611
290,0.117,1.54,0.117,-0.197,0.475,-0.208,0.239,0.509,0.4
290,0.119,1.07,0.346,-0.368,0.408,-0.208,0.646,0.509,0.295
291,0.116,0.517,0.231,-0.0252,0.475,-0.208,0.545,-0.144,0.0846
291,0.118,-0.032,0.00229,0.0606,0.674,0.0194,0.443,-0.144,0.19
292,0.123,-0.503,-0.227,0.318,0.807,-0.208,0.748,0.509,0.0846
292,0.123,-0.267,-0.571,0.0606,0.674,0.247,0.443,0.836,-0.336
293,0.124,-0.581,-0.571,-0.0252,0.608,0.247,0.0351,0.509,-0.336
293,0.125,-0.503,-0.685,0.232,0.408,0.0194,-0.373,0.509,-0.336
294,0.124,-0.503,-0.685,0.146,0.143,0.0194,-0.576,0.509,-0.231
294,0.131,-0.346,-0.685,0.232,0.0764,-0.208,-0.576,0.509,-0.231
295,0.125,-0.267,-0.571,-0.0252,0.0764,-0.208,-0.678,0.509,-0.442
295,0.128,-0.346,-0.456,-0.283,0.143,-0.664,-0.169,0.182,-0.126
296,0.116,-0.11,-0.456,-0.197,0.0764,-0.208,-0.271,0.836,-0.126
296,0.119,0.282,-0.571,-0.54,0.0764,0.0194,-0.169,1.16,-0.336
297,0.124,0.517,-0.112,-0.626,0.209,0.247,0.443,1.16,-0.231
297,0.124,0.674,0.575,-0.797,0.00996,0.702,0.545,1.82,-0.231
298,0.129,1.07,0.69,-0.797,0.00996,0.93,0.239,1.16,-0.0206
298,0.12,1.46,1.03,-0.54,0.143,0.93,0.545,1.16,-0.126
299,0.117,1.54,1.26,-0.283,0.143,0.475,0.646,1.16,-0.231
299,0.121,1.69,1.26,0.146,0.209,0.247,0.85,0.836,-0.0206
300,0.116,1.85,1.15,0.0606,0.209,0.0194,0.545,0.836,-0.126
300,0.129,1.62,0.575,0.146,0.408,0.0194,0.341,0.182,-0.0206
301,0.128,1.54,0.575,0.232,0.209,-0.208,0.341,0.182,-0.231
301,0.123,1.38,0.575,0.232,-0.322,0.0194,-0.373,0.182,-0.442
302,0.121,1.38,0.346,-0.111,-0.322,0.247,-0.271,-0.471,-0.442
302,0.126,0.831,0.575,-0.368,-0.256,0.247,-0.271,-0.471,-0.652
303,0.121,0.674,0.231,-0.54,0.143,0.247,-0.271,-0.471,-0.547
303,0.13,0.674,0.346,-0.197,0.143,-0.208,0.137,-0.471,-0.757
304,0.128,0.36,0.575,-0.111,0.276,0.247,0.137,-0.471,-0.757
304,0.126,0.203,0.231,0.232,0.541,0.247,0.341,-0.471,-0.547
305,0.126,0.125,0.346,0.575,0.74,0.0194,0.341,-0.471,-0.336
305,0.131,0.203,0.00229,0.575,0.674,0.247,0.0351,-0.471,-0.231
306,0.134,0.36,0.231,0.918,0.143,0.475,0.239,-0.471,-0.442
306,0.133,0.439,0.117,0.661,-0.123,0.702,-0.169,-0.471,-0.547
307,0.132,0.517,0.00229,0.747,-0.256,0.475,0.137,-0.471,-0.231
307,0.128,0.36,-0.112,0.747,-0.256,0.475,0.137,-0.144,0.0846
308,0.118,0.36,-0.112,0.489,-0.521,0.475,0.137,0.182,-0.0206
308,0.122,0.36,0.00229,0.489,-0.521,0.475,0.646,0.509,-0.0206
309,0.119,0.125,0.346,0.747,-0.388,0.475,0.137,0.836,0.0846
309,0.118,0.0464,0.346,0.918,-0.256,0.247,0.341,1.16,-0.0206
310,0.124,-0.11,0.231,0.661,-0.123,0.0194,0.0351,1.49,-0.231
310,0.132,-0.11,0.575,0.232,0.276,0.475,-0.169,1.16,-0.442
311,0.132,-0.11,0.805,0.0606,0.342,0.475,-0.271,0.836,-0.652
311,0.132,-0.189,0.919,0.0606,0.475,0.247,-0.576,0.509,-0.336
312,0.135,-0.189,0.575,-0.368,0.342,0.702,-0.373,0.182,-0.442
312,0.128,-0.267,0.575,-0.54,0.209,0.702,-0.474,-0.144,0.0846
313,0.131,-0.189,0.346,-0.54,0.475,0.702,-0.373,-0.144,0.4
313,0.13,-0.267,0.117,-0.454,0.143,0.247,-0.271,0.182,0.0846
314,0.124,-0.346,-0.112,-0.283,0.276,0.93,-0.271,0.182,0.0846
314,0.124,-0.267,-0.227,-0.454,0.143,1.16,-0.271,0.182,-0.231
315,0.122,-0.267,-0.456,-0.197,0.276,0.702,-0.373,0.509,0.19
315,0.113,-0.11,-0.456,-0.0252,0.408,0.93,-0.576,0.509,-0.126
316,0.117,-0.11,-0.456,-0.0252,0.0764,1.16,-0.678,0.182,-0.442
316,0.11,-0.032,-0.571,-0.197,-0.256,0.93,-0.474,-0.144,-0.336
317,0.11,-0.189,-0.571,-0.111,-0.455,0.247,-0.474,0.182,-0.231
317,0.115,-0.11,-0.456,0.404,-0.455,0.0194,-0.576,0.182,-0.231
318,0.114,-0.267,-0.456,0.232,-0.521,-0.208,-0.271,-0.144,-0.547
318,0.118,-0.424,-0.456,-0.0252,-0.388,-0.208,0.0351,-0.144,-0.547
319,0.123,-0.503,-0.456,0.146,-0.189,-0.436,0.137,-0.144,-0.547
319,0.127,-0.503,-0.456,0.0606,0.00996,0.247,-0.0668,-0.144,-0.442
320,0.129,-0.503,-0.685,0.0606,0.0764,0.247,0.137,-0.471,-0.652
320,0.13,-0.66,-0.685,-0.283,-0.0564,0.247,0.341,-0.144,-0.336
321,0.125,-0.581,-0.571,-0.54,0.00996,0.475,0.137,-0.144,-0.231
321,0.133,-0.424,-0.685,-0.454,-0.256,0.247,0.137,-0.144,-0.231
322,0.123,-0.424,-0.227,-0.626,-0.189,0.247,-0.0668,0.182,-0.336
322,0.114,-0.346,-0.112,-0.54,-0.0564,-0.436,-0.169,0.182,-0.231
323,0.12,-0.267,0.117,-0.626,0.143,-0.208,-0.0668,0.182,-0.126
323,0.115,-0.346,-0.112,-0.711,0.276,-0.208,-0.0668,0.182,-0.336
324,0.113,-0.267,-0.342,-0.283,0.276,-0.436,0.137,0.182,-0.336
324,0.12,-0.267,0.117,-0.54,0.807,-0.436,-0.0668,0.182,-0.442
325,0.12,-0.11,-0.227,-0.197,0.807,-0.436,0.239,-0.144,-0.547
325,0.126,-0.11,-0.112,0.0606,1.01,-0.436,0.545,-0.144,-0.652
326,0.132,-0.032,-0.227,0.146,0.873,-0.664,0.341,0.182,-0.336
326,0.13,0.0464,0.117,0.404,0.873,-0.436,0.443,0.182,-0.231
327,0.135,-0.11,0.117,0.146,0.674,0.475,0.137,0.509,-0.336
327,0.132,-0.267,0.231,0.747,0.209,0.702,0.137,0.509,-0.231
328,0.132,-0.424,0.117,0.404,0.209,0.702,0.239,0.509,-0.126
328,0.132,-0.503,0.231,0.404,-0.123,0.93,0.0351,0.509,-0.0206
329,0.13,-0.66,0.346,0.318,-0.256,0.93,-0.169,0.182,-0.0206
329,0.118,-0.738,0.231,0.232,-0.189,0.702,-0.169,-0.144,-0.126
330,0.124,-0.581,0.346,0.0606,0.209,0.247,0.0351,0.182,-0.0206
330,0.125,-0.581,0.00229,-0.368,0.143,0.247,0.137,0.182,-0.126
331,0.13,-0.581,0.117,-0.111,0.00996,0.702,-0.169,0.182,0.0846
331,0.13,-0.424,0.00229,-0.197,0.342,0.702,-0.0668,0.182,0.0846
332,0.134,-0.424,0.117,-0.368,0.0764,1.16,0.239,0.182,-0.126
332,0.133,-0.346,0.117,0.0606,0.0764,1.39,0.137,0.182,-0.231
333,0.138,-0.424,0.575,0.146,-0.0564,0.93,-0.169,-0.471,-0.336
333,0.134,-0.346,0.346,0.146,-0.189,0.702,0.0351,-0.144,-0.336
334,0.132,-0.032,0.346,-0.111,-0.455,0.247,0.239,-0.144,-0.547
334,0.131,-0.11,0.117,0.232,-0.72,0.0194,0.137,-0.144,-0.547
335,0.129,0.0464,0.00229,0.404,-0.654,-0.208,0.239,-0.144,-0.652
335,0.129,-0.032,0.231,-0.111,-0.388,-0.436,0.137,-0.144,-0.231
336,0.129,-0.032,-0.342,0.146,-0.322,-0.436,0.443,-0.144,-0.231
336,0.121,-0.032,-0.342,0.318,0.0764,-0.208,0.545,-0.471,-0.126
337,0.123,-0.346,-0.342,0.232,0.342,-0.208,0.545,-0.471,0.19
337,0.133,-0.346,-0.342,-0.111,0.475,-0.208,0.748,-0.471,0.19
338,0.131,-0.424,-0.456,-0.283,0.74,-0.436,0.85,-0.471,0.4
338,0.13,-0.346,-0.342,-0.368,0.342,-0.436,0.748,-0.144,-0.0206
339,0.139,-0.424,-0.227,-0.454,0.00996,-0.436,0.545,0.182,0.0846
339,0.132,-0.189,-0.227,-0.368,-0.388,-0.436,0.239,0.182,-0.0206
340,0.131,-0.032,-0.227,-0.197,-0.322,-0.208,0.239,0.182,-0.126
340,0.133,0.0464,-0.112,-0.0252,-0.322,-0.208,0.239,0.182,-0.336
341,0.139,0.0464,0.00229,0.146,-0.654,-0.208,-0.0668,0.182,-0.652
341,0.115,0.0464,-0.342,0.489,-0.588,-0.208,0.341,-0.144,-0.547
342,0.122,0.282,-0.112,0.404,-0.521,-0.208,0.341,-0.144,-0.652
342,0.126,0.125,0.461,0.146,0.00996,-0.208,0.443,-0.144,-0.547
343,0.126,0.0464,0.461,0.318,0.00996,0.0194,0.341,0.182,-0.442
343,0.109,0.125,0.461,0.146,-0.256,0.0194,0.137,0.182,-0.231
344,0.113,0.0464,0.231,0.0606,0.00996,0.247,0.137,0.182,-0.0206
344,0.124,0.0464,0.117,-0.197,-0.0564,0.702,-0.169,0.509,-0.126
345,0.13,-0.11,0.117,-0.197,0.00996,0.702,0.341,0.509,-0.126
345,0.118,-0.11,0.117,-0.197,-0.0564,0.702,0.545,0.509,0.19
346,0.12,-0.032,0.117,-0.283,-0.388,0.247,0.646,0.509,0.19
346,0.113,-0.346,0.117,-0.283,-0.189,0.247,0.646,0.836,0.19
347,0.113,-0.346,0.117,-0.111,-0.256,0.0194,0.646,0.836,0.19
347,0.107,-0.424,0.231,0.0606,-0.123,-0.208,0.748,1.16,0.4
348,0.119,-0.424,0.00229,0.404,-0.189,0.247,0.443,0.836,0.295
348,0.125,-0.581,-0.342,0.747,0.143,0.247,0.239,1.16,0.19
349,0.127,-0.503,-0.227,0.832,0.276,0.247,0.443,1.16,-0.126
349,0.133,-0.346,-0.342,0.918,0.143,0.247,0.545,0.836,-0.442
350,0.126,-0.267,-0.342,0.918,0.276,0.247,0.341,0.836,-0.231
350,0.127,-0.189,-0.456,1,0.541,0.0194,0.0351,0.182,-0.336
351,0.127,-0.189,-0.456,0.918,0.807,-0.436,-0.169,0.509,0.0846
351,0.109,-0.189,-0.571,0.832,0.342,-0.664,0.0351,0.182,0.0846
352,0.136,-0.346,-0.8,0.575,0.342,-0.664,-0.0668,0.182,0.19
352,0.139,-0.503,-0.8,0.318,0.541,-0.664,0.137,0.509,0.19
353,0.136,-0.581,-0.685,0.318,0.608,-0.436,0.239,0.509,0.19
353,0.13,-0.581,-0.8,0.232,0.475,-0.436,0.748,0.836,0.295
354,0.128,-0.66,-0.456,0.146,0.541,0.0194,0.646,0.509,0.4
354,0.124,-0.503,-0.571,0.0606,0.674,0.247,0.545,0.836,0.4
355,0.131,-0.581,-0.456,0.318,0.674,0.475,0.239,0.509,0.611
355,0.122,-0.581,-0.227,0.404,0.475,0.475,0.137,0.509,1.03
356,0.122,-0.503,-0.342,0.404,0.143,0.475,0.239,0.509,0.821
356,0.113,-0.581,0.117,0.404,-0.322,0.702,0.0351,0.182,1.24
357,0.122,-0.267,-0.342,0.318,-0.654,0.247,0.545,0.182,0.927
357,0.117,-0.267,-0.112,0.146,-0.787,0.0194,0.239,-0.144,0.716
358,0.12,-0.189,0.00229,0.318,-0.92,0.0194,0.545,0.182,0.506
358,0.122,-0.189,-0.112,0.318,-0.853,0.0194,0.646,-0.144,0.19
359,0.117,-0.267,0.117,0.146,-0.521,-0.208,0.85,-0.144,-0.0206
359,0.124,-0.11,-0.227,0.146,-0.256,-0.436,0.646,-0.144,-0.547
360,0.13,-0.424,-0.227,0.146,-0.123,-0.436,0.443,0.182,-0.547
360,0.133,-0.503,0.117,0.318,-0.123,-0.436,0.443,0.182,-0.336
361,0.131,-0.503,-0.112,-0.111,0.475,-0.208,0.341,-0.144,-0.231
361,0.131,-0.346,-0.227,0.0606,0.143,-0.208,0.0351,-0.144,-0.126
362,0.132,-0.346,-0.456,0.404,-0.123,0.0194,-0.169,0.182,0.0846
362,0.129,-0.267,-0.571,0.318,-0.123,0.0194,-0.271,0.182,-0.0206
363,0.13,-0.11,-0.456,0.146,-0.256,0.0194,-0.474,-0.144,0.506
363,0.128,-0.189,-1.03,0.0606,-0.256,0.0194,-0.373,-0.144,0.4
364,0.125,-0.032,-1.03,0.146,-0.853,-0.436,-0.474,0.182,0.19
364,0.126,-0.189,-0.915,0.0606,-0.72,-0.436,-0.474,0.182,-0.0206
365,0.121,-0.11,-0.8,-0.197,-0.388,-0.664,-0.474,-0.144,-0.231
365,0.121,-0.346,-0.8,-0.111,-0.388,-0.664,-0.169,-0.144,-0.0206
366,0.12,-0.503,-0.8,-0.0252,0.0764,-0.664,0.239,-0.144,-0.547
366,0.124,-0.503,-0.571,-0.111,0.276,0.0194,0.443,-0.144,-0.757
367,0.13,-0.581,-0.456,-0.111,0.475,0.0194,0.443,-0.471,-0.231
367,0.127,-0.346,-0.456,-0.0252,0.74,0.247,0.646,-0.471,0.0846
368,0.131,-0.267,-0.342,-0.197,0.408,0.475,0.646,-0.471,0.4
368,0.127,-0.189,-0.227,-0.454,0.74,0.475,0.545,-0.471,0.19
369,0.129,-0.11,-0.227,-0.197,0.276,0.475,0.545,-0.471,0.19
369,0.125,-0.11,-0.227,-0.283,0.0764,0.0194,0.341,-0.471,0.4
370,0.128,-0.11,-0.342,-0.283,0.608,0.0194,0.239,-0.471,0.0846
370,0.121,-0.267,-0.227,-0.368,0.408,-0.208,-0.0668,-0.471,0.0846
371,0.128,-0.267,0.00229,-0.283,0.475,-0.436,-0.373,-0.471,-0.126
371,0.128,-0.11,0.00229,-0.454,0.276,0.0194,-0.373,-0.471,0.19
372,0.128,-0.189,0.117,-0.797,0.541,0.0194,-0.882,-0.471,-0.0206
372,0.135,-0.189,0.117,-0.626,0.408,0.247,-0.984,-0.471,-0.231
373,0.137,-0.11,0.69,-0.54,-0.0564,0.475,-0.78,-0.471,-0.442
373,0.139,-0.11,0.575,-0.54,-0.123,0.475,-0.678,-0.471,-0.652
374,0.141,-0.189,0.117,-0.111,0.276,0.475,-0.474,-0.144,-0.757
374,0.141,-0.424,0.231,0.318,0.342,0.247,-0.474,-0.144,-0.968
375,0.141,-0.267,0.117,0.404,0.0764,0.247,0.0351,-0.144,-0.757
375,0.142,-0.032,0.117,0.661,0.143,-0.208,0.0351,-0.144,-0.652
376,0.131,-0.189,-0.456,0.489,-0.123,0.0194,0.239,-0.144,-0.547
376,0.129,-0.189,-0.227,0.318,0.0764,0.0194,0.239,-0.144,-0.336
377,0.119,-0.11,-0.227,-0.111,-0.256,0.0194,0.137,-0.471,-0.126
377,0.119,-0.11,-0.227,-0.368,-0.322,0.0194,0.137,0.182,-0.336
378,0.114,-0.189,-0.227,-0.368,-0.388,0.247,-0.271,0.182,-0.336
378,0.114,-0.424,-0.342,-0.711,-0.388,0.247,0.0351,0.182,-0.336
379,0.117,-0.424,-0.227,-0.454,0.00996,0.0194,-0.474,0.509,-0.442
379,0.124,-0.424,-0.227,-0.197,0.276,0.702,-0.576,0.509,-0.547
380,0.131,-0.503,-0.227,-0.0252,0.541,0.702,-0.373,1.16,-0.757
380,0.137,-0.503,-0.342,0.146,0.342,0.93,-0.373,0.509,-0.547
381,0.139,-0.346,-0.342,0.146,0.807,0.93,-0.373,0.509,-0.652
381,0.134,-0.346,-0.456,0.232,0.94,0.93,-0.678,0.509,-0.652
382,0.131,-0.346,-0.112,-0.0252,0.807,0.93,-0.474,0.182,-0.652
382,0.13,-0.424,-0.227,0.0606,0.276,0.702,-0.474,0.182,-0.863
383,0.133,-0.503,-0.112,-0.0252,-0.0564,0.93,-0.576,-0.471,-0.757
383,0.133,-0.424,-0.112,-0.0252,-0.0564,0.93,-0.373,-0.471,-0.757
384,0.127,-0.503,-0.112,-0.197,-0.0564,0.702,-0.169,-0.144,-0.652
384,0.122,-0.424,0.00229,-0.454,0.00996,0.702,0.0351,-0.144,-0.757
385,0.121,-0.503,-0.342,-0.368,-0.0564,0.475,0.239,-0.144,-0.336
385,0.125,-0.424,-0.456,-0.368,0.209,0.0194,0.443,-0.144,0.0846
386,0.125,-0.267,-0.342,-0.197,0.408,-0.208,0.239,-0.144,0.0846
386,0.122,-0.267,-0.342,-0.197,0.209,0.0194,0.0351,-0.144,0.19
387,0.127,-0.424,-0.456,-0.197,-0.0564,0.475,0.0351,-0.471,0.506
387,0.126,-0.424,-0.227,0.146,-0.189,0.475,0.443,-0.471,0.611
388,0.124,-0.267,-0.227,0.232,-0.455,0.93,0.646,-0.471,0.4
388,0.122,-0.267,-0.112,0.232,-0.654,1.16,0.85,-0.471,0.295
389,0.125,-0.346,-0.342,-0.0252,-0.588,1.84,1.05,-0.471,0.295
389,0.124,-0.346,0.00229,-0.0252,-0.322,1.16,1.26,-0.144,0.295
390,0.122,-0.267,0.346,-0.0252,-0.588,0.702,1.26,0.182,0.295
390,0.128,-0.267,0.231,0.0606,-0.72,0.702,0.748,0.509,0.19
391,0.132,-0.346,0.346,-0.111,-0.322,0.247,0.239,0.509,0.0846
391,0.122,-0.267,0.346,-0.283,-0.123,0.0194,0.0351,0.836,-0.126
392,0.129,-0.267,0.69,-0.111,-0.388,-0.664,0.0351,0.836,-0.0206
392,0.131,-0.346,0.231,-0.368,-0.123,-0.664,-0.169,0.509,-0.336
393,0.132,-0.424,0.231,-0.111,0.342,-0.664,-0.373,0.509,-0.652
393,0.134,-0.424,0.00229,-0.283,0.0764,-0.664,-0.474,0.509,-0.652
394,0.132,-0.424,0.00229,-0.111,0.00996,-0.664,-0.474,0.509,-0.863
394,0.133,-0.503,-0.112,-0.283,-0.0564,-0.436,-0.576,0.182,-0.652
395,0.133,-0.503,-0.227,-0.283,0.143,0.0194,-0.576,0.182,-0.547
395,0.123,-0.503,-0.112,-0.197,-0.256,0.247,-0.474,0.182,-0.231
396,0.129,-0.424,-0.112,-0.454,-0.322,0.475,-0.373,0.182,0.19
396,0.123,-0.346,0.117,-0.368,0.209,0.475,-0.271,-0.144,0.0846
397,0.121,-0.267,-0.112,-0.283,0.209,0.475,-0.0668,-0.144,0.4
397,0.117,0.0464,0.00229,-0.0252,0.276,0.247,-0.169,-0.144,0.295
398,0.125,0.125,0.231,0.0606,0.209,-0.208,-0.271,-0.144,0.716
398,0.125,0.125,0.346,0.146,0.342,-0.436,-0.271,-0.144,0.506
399,0.127,0.203,0.346,0.404,0.276,-0.664,-0.373,-0.471,-0.0206
399,0.11,0.125,0.575,0.318,0.00996,-0.436,-0.271,-0.471,0.0846
400,0.119,0.0464,0.805,0.146,0.143,-0.436,0.0351,-0.471,0.295
400,0.111,-0.189,0.805,0.232,0.342,-0.436,0.137,-0.471,0.295
401,0.116,-0.346,0.461,-0.197,0.408,-0.436,0.443,-0.471,-0.231
401,0.102,-0.267,0.69,-0.197,0.674,-0.208,0.545,-0.471,-0.231
402,0.106,-0.267,0.461,-0.368,0.74,0.0194,0.85,-0.471,0.19
402,0.118,-0.346,0.117,-0.283,0.873,0.247,0.85,-0.144,0.295
403,0.12,-0.267,0.117,-0.283,0.475,0.247,0.545,-0.144,0.0846
403,0.12,-0.346,0.00229,-0.626,0.408,0.475,0.341,0.182,0.0846
404,0.117,-0.032,-0.112,-0.197,0.608,0.475,0.137,0.509,0.0846
404,0.122,-0.11,-0.571,-0.283,0.541,0.247,0.0351,0.836,0.295
405,0.12,-0.189,-0.685,-0.0252,0.276,0.0194,-0.0668,0.836,-0.0206
405,0.119,-0.11,-0.8,-0.0252,0.143,-0.208,-0.373,0.509,-0.0206
406,0.12,-0.189,-0.571,0.0606,0.608,0.0194,-0.576,0.509,-0.336
406,0.121,-0.11,-0.456,0.232,0.342,0.0194,-0.576,0.182,-0.442
407,0.117,-0.346,-0.342,0.0606,0.342,0.0194,-0.271,0.182,-0.442
407,0.125,-0.189,-0.342,-0.111,-0.123,0.0194,-0.271,-0.144,-0.547
408,0.11,-0.267,-0.342,-0.197,-0.0564,0.247,-0.576,-0.144,-0.442
408,0.108,-0.11,-0.342,-0.368,0.143,0.475,-0.474,-0.144,-0.652
409,0.117,-0.032,-0.8,-0.283,0.209,0.247,-0.271,-0.144,-0.231
409,0.117,-0.032,-0.8,-0.197,0.608,0.0194,-0.169,-0.144,-0.231
410,0.116,-0.032,-0.8,0.146,0.0764,0.475,0.137,-0.471,-0.336
410,0.117,-0.11,-0.8,0.661,0.475,0.475,0.0351,-0.144,-0.547
411,0.126,-0.11,-0.8,0.489,0.74,0.475,0.137,0.182,-0.442
411,0.134,-0.189,-0.571,0.404,0.541,0.247,0.137,0.509,-0.231
412,0.128,0.203,-0.342,0.318,0.00996,0.475,-0.169,0.509,-0.547
412,0.134,0.282,0.00229,0.318,-0.388,0.93,-0.169,0.509,-0.231
413,0.132,0.203,0.117,0.0606,-0.256,0.475,-0.576,0.509,-0.126
413,0.124,0.125,0.461,-0.111,-0.588,0.93,-0.373,0.182,-0.0206
414,0.127,0.674,0.919,0.0606,-0.72,0.702,-0.271,0.182,0.0846
414,0.133,0.674,1.26,0.146,-0.72,0.702,0.0351,-0.144,0.0846
415,0.125,0.439,1.15,0.232,-0.521,0.702,0.545,-0.144,0.4
415,0.126,0.517,1.03,0.146,-0.388,0.475,0.748,-0.144,0.19
416,0.124,1.22,1.38,0.146,-0.455,0.475,0.443,-0.144,0.4
416,0.134,1.85,1.38,0.232,-0.322,0.247,0.443,0.509,0.716
417,0.126,1.85,1.26,-0.0252,-0.388,0.475,0.545,0.182,0.716
417,0.122,1.85,0.805,0.232,0.00996,0.247,0.545,0.182,0.716
418,0.122,1.54,0.919,0.146,0.143,0.0194,0.137,0.509,0.821
418,0.108,1.3,0.805,0.0606,0.408,-0.208,0.545,0.836,1.03
419,0.11,0.674,0.346,-0.197,0.608,0.0194,0.85,0.836,1.24
419,0.108,0.517,0.346,-0.368,0.674,0.247,0.545,0.182,1.03
420,0.104,0.203,0.117,-0.283,0.608,0.0194,0.443,0.182,0.611
420,0.102,0.517,0.117,-0.711,0.475,0.0194,0.545,0.182,0.611
421,0.109,0.674,0.231,-0.54,0.408,0.0194,0.545,-0.144,0.295
421,0.115,1.38,0.231,-0.283,0.143,0.0194,0.137,-0.471,0.295
422,0.121,1.77,0.117,0.0606,0.143,-0.208,0.239,-0.471,-0.126
422,0.117,1.93,0.231,-0.111,0.342,-0.436,0.341,0.182,-0.231
423,0.118,2.01,0.461,0.0606,0.209,-0.208,0.443,0.182,-0.231
423,0.121,1.85,0.575,0.232,-0.0564,0.0194,0.443,0.182,-0.126
424,0.124,1.77,0.69,-0.0252,-0.0564,0.247,0.748,0.509,-0.0206
424,0.121,1.77,0.461,-0.454,-0.322,0.475,0.748,0.836,-0.231
425,0.12,1.62,0.919,-0.54,-0.388,0.475,0.341,1.16,-0.336
425,0.108,1.14,0.461,-0.368,-0.72,0.247,0.239,0.509,-0.231
426,0.122,0.91,0.231,-0.368,-0.588,0.0194,0.341,0.509,-0.126
426,0.126,0.674,0.117,-0.283,-0.72,-0.208,-0.0668,0.509,-0.126
427,0.126,0.596,-0.112,-0.111,-0.787,-0.436,-0.271,0.509,-0.442
427,0.128,-0.189,-0.112,0.146,-0.588,-0.208,-0.271,0.509,-0.336
428,0.131,-0.424,-0.571,0.0606,-0.654,0.247,0.545,0.182,-0.336
428,0.134,-0.581,-0.456,0.0606,-0.654,0.475,0.952,0.509,-0.442
429,0.131,-0.66,-0.342,-0.0252,-0.72,0.702,1.16,0.509,-0.442
429,0.124,-0.66,-0.227,-0.111,-0.588,1.16,1.46,0.509,-0.547
430,0.13,-0.581,-0.342,0.0606,-0.92,1.16,1.46,0.182,-0.442
430,0.125,-0.503,-0.112,0.232,-0.92,0.702,1.77,-0.144,-0.442
431,0.122,-0.503,0.00229,0.232,-0.787,0.702,0.952,-0.144,-0.231
431,0.126,-0.424,0.461,0.146,-0.853,0.93,0.952,-0.471,-0.126
432,0.123,-0.424,0.346,0.232,-0.787,0.702,0.341,-0.471,-0.126
432,0.117,-0.503,0.117,0.232,-0.92,0.247,0.0351,-0.471,-0.126
433,0.118,-0.424,0.346,0.232,-0.72,0.702,0.0351,-0.471,-0.0206
433,0.116,-0.346,0.231,0.0606,-0.588,0.93,-0.373,-0.471,-0.126
434,0.131,-0.189,0.461,0.0606,-0.588,0.702,-0.169,-0.471,-0.336
434,0.119,-0.032,0.346,0.0606,0.00996,0.247,-0.271,-0.471,-0.126
435,0.119,0.517,0.346,-0.0252,0.0764,0.247,0.0351,-0.471,0.0846
435,0.121,0.988,0.69,-0.0252,0.209,0.475,0.341,-0.144,-0.0206
436,0.129,1.46,0.461,-0.368,0.209,0.0194,0.646,-0.144,-0.126
436,0.123,1.3,0.346,-0.368,0.541,-0.208,0.952,-0.144,-0.126
437,0.12,1.14,0.231,-0.454,0.674,-0.436,1.26,-0.144,0.19
437,0.118,1.14,0.00229,-0.197,0.475,-0.436,1.16,-0.144,-0.126
438,0.113,0.91,0.231,-0.368,0.475,-0.208,1.05,-0.144,-0.442
438,0.116,0.596,0.231,-0.54,0.342,-0.436,0.85,-0.471,-0.442
439,0.111,0.36,0.461,-0.626,0.541,0.0194,0.646,-0.144,-0.126
439,0.115,0.674,0.461,-0.54,0.209,0.0194,0.443,-0.144,-0.0206
440,0.117,1.07,0.346,-0.111,0.00996,0.247,0.137,-0.144,-0.231
440,0.126,1.38,0.805,-0.283,-0.388,0.247,0.137,-0.144,-0.126
441,0.138,1.54,1.03,-0.283,-0.256,0.247,0.341,0.182,0.0846
441,0.142,1.62,0.69,-0.111,0.143,0.247,0.545,0.509,-0.0206
442,0.143,1.46,0.69,0.146,-0.0564,0.0194,0.341,0.509,0.19
442,0.142,1.46,0.919,0.146,0.00996,0.0194,0.341,0.509,0.0846
443,0.139,1.14,1.15,-0.454,0.276,-0.208,0.0351,0.509,-0.0206
443,0.139,0.596,0.461,0.0606,0.276,0.0194,0.137,0.509,-0.231
444,0.128,0.125,0.117,0.318,-0.0564,0.93,0.341,0.182,-0.126
444,0.121,-0.11,0.117,0.318,-0.0564,1.16,0.545,-0.144,-0.126
445,0.118,-0.346,-0.227,0.232,-0.123,0.93,0.85,-0.471,-0.126
445,0.112,-0.581,-0.571,0.232,-0.123,0.93,0.85,-0.471,0.0846
446,0.116,-0.503,-0.685,0.318,-0.322,0.93,1.26,-0.471,0.4
446,0.12,-0.503,-0.685,0.146,0.00996,1.16,1.16,-0.471,0.506
447,0.127,-0.346,-0.8,0.146,0.209,0.0194,1.16,-0.471,0.0846
447,0.134,-0.346,-0.571,0.232,-0.189,-0.208,0.85,-0.471,0.4
448,0.139,-0.346,-0.456,0.232,0.143,0.247,1.05,-0.471,0.0846
448,0.142,-0.346,-0.227,-0.0252,0.475,0.475,1.46,-0.471,-0.126
449,0.144,-0.424,-0.342,0.146,0.541,0.475,1.26,-0.471,-0.442
449,0.136,-0.424,-0.227,-0.197,0.608,0.247,1.26,-0.471,-0.231
450,0.137,-0.581,-0.342,-0.283,0.807,0.702,0.85,-0.471,0.0846
450,0.133,-0.581,-0.456,-0.368,0.94,0.702,0.646,-0.471,-0.0206
451,0.13,-0.503,-0.456,-0.54,0.74,0.247,0.137,-0.471,-0.0206
451,0.126,-0.581,-0.571,-0.54,0.342,0.247,-0.271,-0.471,0.19
452,0.12,-0.503,-0.571,-0.626,0.342,0.475,-0.169,-0.471,0.295
452,0.119,-0.346,-0.456,-0.454,0.276,0.247,-0.271,-0.471,0.19
453,0.122,-0.267,0.00229,-0.626,0.342,0.0194,-0.169,-0.471,-0.0206
453,0.125,-0.11,0.00229,-0.454,0.209,0.0194,0.0351,-0.471,-0.231
454,0.117,-0.032,0.117,-0.454,0.0764,0.475,0.239,-0.471,-0.442
454,0.123,0.0464,0.231,-0.111,0.209,0.93,0.341,-0.471,-0.652
455,0.128,-0.11,0.117,0.232,0.0764,0.93,0.239,-0.144,-0.652
455,0.126,-0.189,0.117,0.232,-0.322,1.39,0.0351,-0.144,-0.757
456,0.126,-0.189,-0.342,0.661,-0.521,1.16,-0.169,-0.144,-0.863
456,0.134,-0.267,-0.342,0.489,-0.256,1.16,-0.169,-0.144,-0.442
457,0.129,-0.189,-0.571,0.661,0.276,0.702,-0.474,-0.144,-0.336
457,0.128,-0.11,-0.571,0.404,0.00996,0.0194,-0.474,-0.144,-0.336
458,0.126,-0.032,-0.571,0.146,-0.123,-0.208,-0.474,-0.471,-0.336
458,0.126,-0.032,-0.8,0.0606,0.541,-0.436,-0.271,-0.471,-0.336
459,0.116,-0.032,-0.571,-0.283,0.408,-0.208,-0.169,-0.471,-0.0206
459,0.122,-0.11,-0.571,-0.368,0.674,-0.208,-0.271,-0.471,-0.336
460,0.123,-0.189,-0.227,-0.368,0.209,-0.208,0.545,-0.471,-0.336
460,0.12,-0.267,-0.342,-0.368,0.143,-0.208,0.85,-0.471,-0.231
461,0.126,-0.267,-0.227,-0.454,0.342,0.0194,1.56,-0.471,-0.336
461,0.122,-0.267,0.117,-0.54,-0.189,0.0194,1.87,-0.471,-0.231
462,0.134,-0.11,0.117,-0.54,-0.189,-0.208,2.07,-0.471,-0.126
462,0.133,-0.032,0.461,-0.54,-0.256,-0.208,2.28,0.182,0.295
463,0.13,-0.032,0.346,-0.454,-0.256,0.247,1.97,0.182,0.19
463,0.13,-0.11,0.346,-0.368,-0.189,0.475,1.36,0.182,-0.0206
464,0.129,-0.267,0.575,-0.283,-0.189,0.702,0.748,0.509,0.19
464,0.12,-0.267,0.346,-0.0252,-0.189,0.475,0.545,0.509,-0.0206
465,0.121,-0.346,0.231,0.404,0.00996,0.475,0.443,0.836,-0.126
465,0.124,-0.424,0.231,0.489,-0.256,0.475,0.137,0.182,-0.336
466,0.118,-0.503,0.346,0.232,0.00996,0.0194,-0.169,0.182,0.0846
466,0.121,-0.424,0.346,0.489,0.00996,-0.208,0.137,0.182,0.0846
467,0.119,-0.346,0.00229,0.489,0.00996,-0.664,0.137,0.182,-0.126
467,0.134,-0.346,0.00229,-0.0252,0.0764,-0.208,0.0351,0.182,0.0846
468,0.133,-0.503,-0.112,-0.368,-0.189,0.0194,-0.0668,-0.144,-0.0206
468,0.136,-0.503,-0.342,-0.197,-0.256,0.0194,0.137,-0.144,-0.231
469,0.129,-0.581,-0.456,-0.197,-0.455,0.247,0.0351,-0.144,-0.757
469,0.134,-0.66,-0.456,-0.197,-0.322,0.475,0.239,-0.144,-0.652
470,0.128,-0.581,-0.342,-0.283,-0.388,0.475,0.239,-0.471,-0.547
470,0.126,-0.503,0.00229,-0.111,-0.256,0.475,0.137,-0.471,-0.547
471,0.126,-0.346,0.346,-0.0252,0.00996,0.475,0.0351,-0.471,-0.336
471,0.119,-0.267,0.117,-0.111,0.342,0.475,0.0351,-0.471,-0.336
472,0.119,-0.267,0.117,-0.197,0.342,0.247,0.137,-0.471,-0.231
472,0.126,-0.267,0.00229,-0.197,0.209,0.247,0.0351,-0.471,-0.126
473,0.124,-0.267,0.00229,-0.283,0.143,0.475,-0.169,-0.144,-0.126
473,0.127,-0.346,-0.342,-0.111,-0.0564,0.0194,0.137,-0.144,-0.126
474,0.129,-0.346,-0.571,-0.368,-0.0564,0.0194,0.239,-0.144,-0.336
474,0.125,-0.346,-0.342,-0.368,-0.388,0.0194,0.239,0.182,-0.336
475,0.128,-0.346,-0.456,-0.197,-0.388,0.247,0.239,0.182,-0.126
475,0.125,-0.346,-0.456,-0.283,0.0764,0.247,0.341,0.182,-0.231
476,0.127,-0.424,-0.227,0.232,0.209,0.247,0.443,0.182,-0.442
476,0.129,-0.346,0.00229,0.146,0.0764,0.247,0.341,0.182,-0.442
477,0.12,-0.424,-0.112,0.318,0.0764,0.0194,0.443,0.182,-0.547
477,0.12,-0.424,-0.227,0.318,0.00996,0.0194,0.85,-0.144,-0.336
478,0.123,-0.346,-0.112,0.489,-0.123,-0.208,0.952,-0.144,-0.547
478,0.129,-0.267,0.117,0.918,-0.388,-0.436,0.646,-0.144,-0.336
479,0.135,-0.267,-0.112,0.575,-0.322,-0.208,0.545,-0.471,-0.0206
479,0.14,-0.346,-0.227,0.404,0.00996,-0.208,0.646,-0.144,-0.0206
480,0.131,-0.267,0.00229,0.404,-0.123,0.0194,0.545,-0.144,-0.0206
480,0.139,-0.346,0.117,0.575,0.143,0.0194,0.0351,-0.144,0.0846
481,0.129,-0.267,-0.112,0.318,0.342,0.0194,-0.169,-0.144,0.295
481,0.126,-0.267,-0.342,-0.0252,0.00996,0.702,-0.474,0.182,0.19
482,0.119,-0.189,-0.227,0.0606,-0.256,0.475,-0.373,0.182,0.19
482,0.113,-0.267,-0.456,0.232,0.873,0.475,-0.474,-0.144,0.0846
483,0.113,-0.267,-0.571,0.318,1.14,0.475,-0.678,-0.144,0.295
483,0.113,-0.032,-0.456,0.0606,1.01,0.475,-0.78,-0.144,0.0846
484,0.108,-0.032,-0.342,0.146,0.873,0.475,-0.271,-0.144,0.0846
484,0.115,0.125,-0.342,-0.0252,1.07,0.0194,0.0351,-0.471,-0.126
485,0.127,0.125,-0.342,-0.0252,1.14,0.0194,-0.0668,-0.471,-0.126
485,0.123,0.282,-0.112,-0.111,0.0764,0.0194,0.0351,-0.471,-0.231
486,0.122,0.439,0.00229,-0.111,-0.455,-0.208,0.137,-0.471,-0.126
486,0.124,0.36,-0.227,-0.0252,-0.388,-0.208,0.0351,-0.144,-0.231
487,0.124,0.36,0.00229,-0.197,-0.388,-0.208,-0.474,-0.144,-0.231
487,0.115,0.125,0.461,-0.454,-0.189,-0.436,-0.678,0.509,-0.231
488,0.117,-0.032,0.346,-0.0252,0.342,-0.436,-0.678,0.509,-0.126
488,0.122,0.125,0.117,0.232,0.209,-0.208,-1.09,0.509,-0.0206
489,0.121,-0.11,0.117,-0.111,0.408,-0.208,-0.78,0.509,-0.336
489,0.115,-0.267,0.231,-0.0252,0.143,0.0194,-0.576,0.509,-0.126
490,0.114,-0.346,0.00229,-0.0252,0.541,0.0194,-0.169,0.509,-0.231
490,0.109,-0.189,-0.342,0.0606,0.342,0.0194,0.0351,-0.144,-0.231
491,0.108,-0.032,-0.112,-0.111,0.00996,-0.208,0.137,-0.144,-0.442
491,0.113,0.125,0.231,-0.0252,0.00996,-0.436,0.443,-0.144,-0.231
492,0.118,0.674,0.461,0.575,0.74,-0.436,0.239,0.182,-0.231
492,0.122,1.14,0.575,0.318,0.94,-0.664,0.443,0.182,-0.442
493,0.121,2.09,0.919,0.832,0.873,-0.664,0.239,0.182,-0.336
493,0.122,1.93,0.805,0.832,1.07,-0.436,0.137,0.182,-0.126
494,0.122,1.85,0.575,0.489,1.07,0.0194,0.443,0.182,-0.231
494,0.116,1.54,0.231,0.232,1.07,0.0194,0.443,0.182,-0.336
495,0.117,1.07,-0.227,-0.197,0.873,0.247,0.646,-0.144,-0.126
495,0.111,0.753,-0.112,-0.197,0.74,0.475,0.646,-0.471,-0.126
496,0.116,0.36,-0.227,-0.197,0.608,0.475,0.443,-0.144,-0.126
496,0.113,0.831,0.346,-0.111,0.209,0.247,0.646,-0.144,-0.336
497,0.113,1.14,0.575,-0.111,-0.189,0.475,0.239,-0.144,-0.126
497,0.115,1.46,0.805,-0.111,-0.455,1.16,0.137,0.182,-0.126
498,0.118,1.46,1.38,0.146,-0.986,0.93,0.239,0.182,-0.336
498,0.114,1.62,1.38,0.318,-0.92,0.93,0.0351,0.182,-0.231
499,0.12,1.14,1.15,0.0606,-0.92,1.16,0.137,-0.144,-0.547
499,0.112,0.674,0.69,0.0606,-0.787,1.16,0.443,-0.144,-0.547
500,0.118,0.36,0.346,-0.0252,-0.521,0.93,0.85,-0.144,-0.442
500,0.115,0.0464,0.231,-0.0252,-0.455,0.702,0.646,-0.144,-0.231
501,0.121,-0.032,-0.227,0.146,-0.189,0.93,0.748,0.182,-0.0206
501,0.12,-0.189,-0.456,0.232,-0.123,0.93,0.646,0.836,-0.126
502,0.128,0.0464,-0.571,0.0606,-0.256,0.93,0.545,0.836,0.0846
502,0.117,0.282,-0.227,-0.0252,-0.256,0.93,-0.169,0.836,-0.0206
503,0.127,0.203,-0.227,0.146,-0.256,0.475,-0.474,0.836,-0.336
503,0.121,0.125,-0.342,0.0606,-0.123,0.0194,-0.0668,1.16,-0.231
504,0.121,0.203,-0.342,-0.283,-0.521,0.247,-0.0668,0.836,-0.231
504,0.121,0.0464,-0.342,-0.711,-0.588,0.0194,0.239,0.182,-0.126
505,0.123,-0.11,0.461,-0.626,-0.123,-0.208,0.341,0.182,-0.126
505,0.125,-0.346,0.69,-0.711,0.00996,-0.208,0.545,0.182,-0.126
506,0.128,-0.032,0.805,-0.711,-0.123,-0.208,0.545,0.182,-0.126
506,0.131,0.203,1.26,-0.626,-0.189,0.247,0.239,-0.471,-0.442
507,0.136,0.91,1.38,-0.711,-0.189,-0.208,-0.373,-0.471,-0.547
507,0.132,1.3,1.26,-0.711,-0.256,-0.208,-0.474,-0.471,-0.757
508,0.134,1.54,0.805,-0.626,-0.388,-0.208,-0.169,-0.471,-0.968
508,0.124,2.09,0.69,-0.283,-0.322,-0.208,-0.0668,-0.144,-0.968
509,0.107,1.77,1.03,-0.454,0.0764,0.247,0.239,0.509,-1.07
509,0.181,1.62,0.575,-0.626,0.209,0.0194,0.341,0.509,-0.863
510,0.181,0.988,0.575,-0.368,0.408,0.0194,0.443,0.509,-0.968
510,0.181,0.91,0.919,0.0606,0.74,0.0194,0.239,0.509,-0.652
511,0.182,0.831,1.03,-0.0252,0.608,0.0194,-0.169,0.509,-0.442
511,0.181,0.831,0.69,0.146,0.342,0.247,-0.0668,0.182,-0.336
512,0.181,1.38,0.69,0.489,-0.123,0.0194,-0.271,-0.471,-0.231
512,0.181,1.22,0.919,0.489,-0.123,0.0194,-0.169,-0.144,-0.652
513,0.182,1.14,0.805,0.318,-0.189,0.247,-0.169,-0.144,-0.336
513,0.183,0.988,0.575,0.232,-0.455,0.93,0.0351,0.182,-0.231
514,0.181,0.91,0.461,0.146,-0.588,0.93,0.239,0.182,-0.126
514,0.182,0.36,0.346,-0.197,-0.322,0.702,0.341,0.182,-0.126
515,0.183,-0.189,0.00229,0.232,0.0764,1.39,0.137,0.182,-0.126
515,0.183,-0.189,0.231,0.575,-0.123,1.39,-0.0668,-0.144,-0.126
516,0.182,-0.189,0.575,0.747,-0.256,1.39,0.0351,-0.144,-0.336
516,0.123,-0.267,0.346,0.575,-0.123,1.16,-0.0668,-0.471,-0.652
517,0.116,-0.581,0.231,0.832,0.00996,1.16,0.0351,-0.471,-0.652
517,0.112,-0.503,0.346,1.18,-0.0564,1.16,-0.373,-0.471,-0.126
518,0.11,-0.424,0.346,0.661,-0.388,0.475,-0.0668,-0.471,-0.0206
518,0.109,-0.346,0.117,0.661,0.00996,0.475,0.0351,-0.471,0.4
519,0.113,-0.503,-0.342,0.747,0.475,0.247,0.0351,-0.471,0.295
519,0.111,-0.346,-0.227,0.918,0.74,-0.208,-0.0668,-0.144,0.295
520,0.108,-0.11,-0.227,0.661,0.873,-0.208,-0.474,-0.144,0.295
520,0.11,-0.032,-0.342,0.318,0.807,-0.208,-0.169,0.182,-0.0206
521,0.108,0.0464,-0.456,-0.0252,0.94,0.0194,-0.373,0.182,0.295
521,0.108,0.0464,-0.456,-0.0252,0.74,0.0194,-0.0668,0.509,-0.126
522,0.123,0.125,-0.342,-0.368,0.342,0.0194,-0.169,0.509,-0.126
522,0.118,-0.032,0.00229,-0.283,0.143,0.0194,-0.0668,0.182,-0.231
523,0.114,-0.189,0.117,-0.197,-0.0564,0.0194,0.0351,0.509,-0.547
523,0.117,-0.267,0.231,-0.197,0.209,0.0194,-0.373,0.182,-0.757
524,0.114,-0.424,0.346,-0.283,0.276,-0.436,-0.169,0.509,-0.757
524,0.113,-0.346,0.346,-0.54,0.143,-0.208,-0.373,0.182,-0.652
525,0.108,-0.424,0.461,0.0606,0.342,0.0194,-0.271,0.509,-0.652
525,0.118,-0.11,0.461,-0.111,0.209,0.247,-0.373,0.836,-0.442
526,0.114,0.203,0.461,0.0606,0.408,0.475,-0.0668,0.509,-0.336
526,0.113,0.203,0.231,0.0606,0.475,0.702,0.0351,0.509,-0.231
527,0.107,0.36,0.117,0.404,0.475,0.702,-0.169,0.509,-0.652
527,0.104,0.517,0.346,0.575,0.541,0.475,-0.373,0.836,-0.547
528,0.106,1.07,0.231,0.318,0.608,0.247,-0.169,0.509,-0.442
528,0.103,1.54,0.346,0.489,0.873,0.0194,-0.169,0.182,-0.652
529,0.0986,1.62,0.575,0.318,0.74,-0.208,-0.169,0.182,-0.442
529,0.0996,1.54,0.69,0.0606,0.608,-0.208,0.0351,0.182,-0.652
530,0.115,1.77,0.805,-0.111,0.408,0.0194,0.137,-0.144,-0.547
530,0.104,1.93,0.461,-0.283,0.342,0.0194,0.137,-0.144,-0.231
531,0.115,1.85,0.69,-0.626,0.209,0.247,-0.0668,-0.144,-0.126
531,0.117,1.38,0.461,-0.54,0.00996,0.475,-0.169,0.182,0.0846
532,0.118,1.14,0.461,-0.626,-0.322,0.475,-0.271,0.182,0.0846
532,0.119,1.46,0.575,-0.0252,-0.72,0.247,-0.474,0.509,0.4
533,0.118,1.62,0.69,0.232,-0.654,0.247,-0.678,0.509,0.19
533,0.118,1.38,0.575,0.146,-0.521,0.0194,-0.576,0.509,-0.231
534,0.117,1.07,0.461,0.232,-0.654,-0.208,-0.474,0.509,-0.547
534,0.115,0.674,0.231,-0.0252,-0.787,-0.436,-0.373,0.182,-0.547
535,0.11,0.439,-0.227,0.318,-0.787,-0.436,-0.678,0.182,-0.757
535,0.114,0.203,-0.342,-0.0252,-0.322,-0.208,-0.78,-0.144,-0.863
536,0.109,-0.267,-0.342,-0.454,0.0764,0.475,-0.576,-0.144,-0.652
536,0.115,-0.424,0.00229,-0.0252,0.209,0.702,-0.576,-0.471,0.19
537,0.114,-0.424,0.00229,0.146,0.408,0.93,-0.78,-0.471,0.506
537,0.12,-0.424,0.00229,0.232,0.541,1.16,-0.373,-0.471,0.611
538,0.124,-0.424,0.231,0.146,1.07,1.39,0.137,-0.471,1.24
538,0.127,-0.424,0.117,0.661,0.475,1.16,0.443,-0.471,1.77
539,0.12,-0.346,0.117,1.09,0.0764,0.247,0.137,0.509,1.98
539,0.117,-0.346,-0.227,0.918,0.143,0.247,0.239,0.509,1.14
540,0.113,-0.424,0.00229,0.832,0.475,0.702,0.137,0.509,1.14
540,0.105,-0.346,0.00229,0.832,0.408,0.475,-0.271,0.509,0.927
541,0.109,-0.189,0.117,0.918,0.0764,0.247,-0.678,0.509,0.4
541,0.119,-0.267,0.575,0.404,0.541,0.475,-0.678,0.509,-0.231
542,0.103,-0.346,0.69,0.232,0.608,0.475,-0.169,0.182,-0.442
542,0.106,-0.424,0.919,0.747,0.475,0.247,-0.474,0.182,-0.336
543,0.0973,-0.346,0.69,0.575,0.342,-0.208,-0.373,0.509,-0.336
543,0.1,-0.346,0.69,0.404,0.475,-0.208,-0.271,0.509,-0.0206
544,0.102,-0.503,0.231,0.0606,0.541,-0.208,0.137,0.836,-0.0206
544,0.108,-0.503,-0.227,-0.0252,0.608,-0.208,0.0351,0.836,0.295
545,0.114,-0.503,-0.342,0.146,0.475,0.0194,-0.0668,0.182,0.295
545,0.112,-0.424,-0.571,-0.626,0.342,0.0194,0.443,0.182,0.19
546,0.104,-0.424,-0.456,-0.454,0.00996,-0.208,0.646,-0.144,-0.0206
546,0.108,-0.424,-0.456,-0.368,-0.322,0.247,0.748,-0.144,-0.336
547,0.109,-0.424,-0.456,-0.283,-0.388,0.475,0.443,-0.144,-0.547
547,0.11,-0.267,-0.227,-0.197,-0.654,0.702,0.341,-0.144,-0.863
548,0.107,-0.189,-0.227,-0.283,-0.455,0.475,0.443,0.182,-0.863
548,0.105,-0.189,-0.112,-0.111,-0.189,0.475,0.341,0.182,-0.442
549,0.101,-0.267,-0.456,-0.111,-0.189,0.702,0.239,0.509,-0.442
549,0.105,-0.346,-0.571,-0.197,0.0764,0.247,0.137,0.509,-0.442
550,0.107,-0.346,-0.456,-0.197,-0.0564,0.0194,0.137,0.182,-0.231
550,0.105,-0.503,-0.456,-0.197,0.00996,0.0194,0.239,0.182,-0.231
551,0.105,-0.503,-0.571,-0.0252,0.0764,0.247,0.239,-0.144,-0.336
551,0.107,-0.424,-0.685,-0.0252,-0.123,0.475,0.341,-0.144,-0.757
552,0.104,-0.424,-0.685,-0.111,-0.123,0.247,0.748,-0.471,-0.757
552,0.113,-0.267,-0.456,0.318,-0.189,0.247,0.646,-0.144,-0.547
553,0.111,-0.267,-0.571,0.146,-0.256,0.247,0.85,-0.144,-0.547
553,0.116,-0.032,-0.685,0.0606,-0.322,0.247,0.952,0.182,-0.442
554,0.11,-0.189,-0.8,-0.368,-0.189,0.247,0.85,0.182,-0.231
554,0.11,-0.346,-0.571,-0.54,-0.123,0.247,1.05,0.182,-0.0206
555,0.107,-0.346,-0.227,-0.283,-0.322,0.247,1.05,1.16,-0.0206
555,0.112,-0.424,-0.342,-0.626,-0.256,0.475,1.36,0.836,-0.0206
556,0.107,-0.267,-0.227,-0.197,-0.123,0.702,1.16,0.836,-0.231
556,0.113,-0.424,-0.342,-0.0252,0.00996,0.247,0.952,0.509,-0.126
557,0.107,-0.267,-0.227,0.232,-0.455,0.0194,0.952,0.836,-0.231
557,0.11,-0.267,-0.227,0.747,-0.588,-0.208,0.545,1.16,-0.442
558,0.109,-0.267,-0.571,0.318,-0.455,-0.208,0.443,0.182,-0.336
558,0.112,-0.267,-0.571,0.404,-0.455,-0.436,0.341,0.182,-0.126
559,0.112,-0.267,-0.685,0.232,-0.123,-0.208,0.341,0.836,0.19
559,0.114,-0.346,-0.456,-0.0252,-0.189,-0.208,0.545,0.836,0.0846
560,0.107,-0.503,-0.571,0.0606,0.276,0.0194,0.443,0.509,0.4
560,0.117,-0.424,-0.685,-0.283,0.475,0.0194,0.341,0.182,0.506
561,0.107,-0.424,-0.571,-0.197,0.74,0.247,0.137,0.182,0.506
561,0.11,-0.189,-0.571,-0.197,0.674,0.475,0.137,0.182,0.295
562,0.107,-0.267,-0.342,-0.283,0.475,0.0194,-0.0668,-0.471,0.295
562,0.106,-0.032,-0.456,-0.0252,0.674,0.475,0.443,-0.471,0.295
563,0.101,-0.032,-0.342,-0.111,0.209,0.475,0.137,-0.471,-0.126
563,0.106,-0.032,-0.456,-0.283,0.276,1.16,-0.0668,-0.471,-0.0206
564,0.0999,-0.032,-0.456,-0.111,0.143,1.16,-0.0668,-0.471,0.0846
564,0.0959,-0.346,-0.456,-0.283,0.541,1.16,-0.169,-0.471,-0.0206
565,0.103,-0.424,-0.456,-0.454,0.873,1.84,0.341,-0.471,-0.0206
565,0.102,-0.581,-0.456,-0.368,0.807,1.39,-0.271,-0.144,-0.0206
566,0.105,-0.503,-0.456,-0.54,1.07,1.16,0.239,-0.144,0.295
566,0.108,-0.424,-0.342,-0.454,1.07,0.702,0.443,-0.144,0.19
567,0.105,-0.424,-0.227,-0.454,1.01,0.475,0.341,0.182,-0.0206
567,0.102,-0.424,-0.227,-0.111,0.342,0.247,0.239,0.182,-0.0206
568,0.0998,-0.424,-0.342,-0.111,0.0764,-0.436,0.0351,0.182,-0.126
568,0.0928,-0.346,-0.227,-0.454,-0.256,-0.436,-0.169,-0.144,0.0846
569,0.0998,-0.267,-0.342,-0.454,-0.189,-0.436,-0.678,-0.144,-0.126
569,0.0908,-0.424,-0.112,-0.283,-0.388,-0.664,-0.576,-0.144,-0.231
570,0.0998,-0.424,0.117,-0.111,-0.388,-0.664,-0.474,-0.471,-0.0206
570,0.0998,-0.267,0.00229,-0.283,-0.123,-0.664,0.0351,-0.471,-0.0206
571,0.11,-0.267,-0.112,-0.0252,-0.256,-0.664,-0.169,-0.471,-0.126
571,0.118,-0.267,-0.112,0.146,0.209,-0.664,0.0351,-0.471,-0.442
572,0.119,-0.346,0.117,0.232,0.143,-0.664,0.239,-0.144,-0.336
572,0.111,-0.189,0.117,-0.0252,0.143,-0.664,0.239,-0.144,-0.336
573,0.121,-0.189,-0.227,-0.197,-0.0564,-0.436,0.0351,-0.144,-0.336
573,0.108,-0.032,0.00229,-0.368,0.143,-0.208,-0.169,-0.144,-0.442
574,0.104,0.125,0.117,-0.283,0.408,0.0194,0.0351,0.509,-0.442
574,0.107,0.125,-0.112,-0.368,0.209,0.247,-0.0668,0.509,-0.126
575,0.103,0.125,-0.342,-0.54,0.342,0.247,-0.169,0.182,-0.126
575,0.0927,0.36,-0.112,-0.454,0.408,0.475,-0.271,0.509,-0.231
576,0.0887,0.439,0.00229,-0.626,0.674,1.16,-0.271,0.509,-0.442
576,0.103,0.36,0.00229,-0.626,0.674,0.93,-0.474,0.836,-0.442
577,0.109,0.36,0.231,-0.454,0.541,0.702,-0.576,0.182,-0.442
577,0.12,0.282,0.575,-0.197,0.342,0.475,-0.0668,0.182,-0.547
578,0.114,0.282,0.575,-0.0252,0.408,0.475,-0.0668,0.182,-0.547
578,0.121,-0.11,0.231,0.0606,0.408,0.93,-0.0668,-0.144,-0.442
579,0.113,-0.189,0.231,0.146,0.342,0.0194,0.239,-0.144,-0.336
579,0.111,-0.424,0.231,0.489,0.276,0.0194,0.443,-0.471,-0.231
580,0.107,-0.503,-0.112,0.0606,-0.0564,0.247,0.952,-0.471,-0.126
580,0.0976,-0.267,0.117,-0.197,0.143,0.247,0.748,-0.471,-0.231
581,0.0936,-0.267,0.346,-0.197,-0.0564,0.247,0.646,-0.471,-0.231
581,0.0966,-0.189,0.231,0.146,-0.388,0.0194,0.545,-0.471,-0.126
582,0.0936,-0.267,0.117,0.232,0.00996,0.247,0.646,-0.471,-0.231
582,0.103,-0.11,0.231,0.232,-0.189,0.247,0.646,-0.471,-0.336
583,0.102,0.439,0.575,0.318,0.0764,0.247,0.0351,-0.471,-0.547
583,0.0975,0.439,0.69,0.575,0.00996,0.247,-0.169,-0.471,-0.231
584,0.107,0.753,0.919,0.832,-0.0564,0.247,-0.169,0.182,-0.442
584,0.0995,1.14,1.15,0.575,0.342,0.247,-0.0668,0.182,-0.336
585,0.101,1.93,1.26,0.318,0.209,0.247,-0.474,0.182,-0.231
585,0.0975,2.32,1.15,0.232,0.408,0.475,-0.78,0.182,-0.0206
586,0.0925,1.93,1.15,0.318,0.342,0.475,-0.576,0.836,-0.0206
586,0.0855,2.16,0.805,0.146,0.475,0.702,-0.271,0.836,-0.336
587,0.0875,2.16,0.461,-0.283,0.342,0.702,0.545,0.836,-0.231
587,0.0874,2.16,0.461,-0.454,0.0764,0.702,0.545,1.16,-0.126
588,0.0994,1.69,0.346,0.0606,-0.0564,0.702,0.443,1.16,-0.126
588,0.0934,2.01,0.117,-0.111,-0.322,0.475,0.443,1.49,-0.336
589,0.103,2.01,0.231,0.0606,-0.256,0.702,0.341,0.836,-0.336
589,0.111,2.09,0.117,-0.0252,-0.322,0.475,0.0351,1.16,-0.442
590,0.11,2.01,0.805,-0.0252,-0.123,0.475,-0.78,0.509,-0.547
590,0.106,2.01,0.919,-0.0252,0.0764,0.247,-0.78,0.182,-0.863
591,0.0864,2.09,0.805,-0.283,-0.0564,0.0194,-0.576,0.182,-0.757
591,0.0924,1.69,1.15,-0.111,0.00996,0.475,-0.576,0.509,-0.547
592,0.0954,1.69,1.15,-0.283,-0.388,0.0194,-0.271,0.509,-0.336
592,0.0863,1.14,1.03,-0.368,-0.189,0.0194,-0.169,0.182,-0.126
593,0.0933,0.91,0.346,-0.197,-0.256,0.247,-0.0668,0.182,-0.126
593,0.0973,0.831,-0.112,0.0606,-0.388,0.0194,-0.271,0.182,0.19
594,0.0913,0.596,0.231,-0.197,-0.654,0.247,-0.373,0.182,-0.126
594,0.0983,0.203,0.346,-0.283,-0.654,-0.208,-0.373,-0.144,-0.442
595,0.101,-0.032,0.00229,-0.54,-0.256,0.0194,-0.678,0.182,-0.547
595,0.0903,-0.032,-0.112,-0.368,-0.388,0.247,-0.78,0.182,-0.757
596,0.0923,-0.032,-0.112,-0.454,-0.521,0.0194,-0.576,0.836,-0.547
596,0.0893,-0.424,0.117,-0.54,-0.455,0.0194,-0.474,0.836,-0.863
597,0.0803,-0.424,0.00229,-0.454,-0.256,0.0194,-0.474,0.836,-0.652
597,0.0882,-0.032,-0.112,-0.626,-0.455,0.0194,-0.271,0.509,-0.442
598,0.0892,-0.032,-0.112,-0.626,-0.853,-0.208,-0.169,0.182,-0.231
598,0.0902,0.125,0.346,-0.626,-1.32,-0.208,-0.373,0.182,0.0846
599,0.0962,0.596,0.346,-0.626,-1.32,-0.208,-0.373,-0.471,-0.0206
599,0.0852,1.3,0.231,-0.797,-1.45,-0.208,-0.373,0.182,-0.0206
600,0.0902,1.62,0.346,-0.711,-1.12,-0.436,-0.169,0.182,0.19
